call_id,question_id,condition,framework,feedback_mode,order_variant,kind,status,model_score,max_score,normalized_signed_diff,normalized_absolute_diff,input_tokens,total_tokens,latency_ms,attempt_count,failure_code,failure_summary,teacher_score,teacher_feedback,source_split,selection_kind,answer_id
133916,4.13,amem_full,amem,full,order_1,score,succeeded,1.0,1.0,0.0,0.0,8192,8227,12862,1,,,1.0,Correct,unseen_answers,test,4.13.128
133986,4.13,amem_full,amem,full,order_2,score,succeeded,1.0,1.0,0.0,0.0,8317,8348,13090,1,,,1.0,Correct,unseen_answers,test,4.13.128
134056,4.13,amem_full,amem,full,order_3,score,succeeded,1.0,1.0,0.0,0.0,8486,8516,13285,1,,,1.0,Correct,unseen_answers,test,4.13.128
133917,4.13,amem_full,amem,full,order_1,score,succeeded,0.75,1.0,0.0,0.0,8190,8225,17453,1,,,0.75,But why is oscillating a problem?,unseen_answers,test,4.13.140
133987,4.13,amem_full,amem,full,order_2,score,succeeded,0.75,1.0,0.0,0.0,8517,8553,12789,1,,,0.75,But why is oscillating a problem?,unseen_answers,test,4.13.140
134057,4.13,amem_full,amem,full,order_3,score,succeeded,0.75,1.0,0.0,0.0,8552,8589,17841,1,,,0.75,But why is oscillating a problem?,unseen_answers,test,4.13.140
133911,4.13,amem_full,amem,full,order_1,score,succeeded,0.5,1.0,-0.5,0.5,8124,8160,14509,1,,,1.0,Correct,unseen_answers,test,4.13.160
133981,4.13,amem_full,amem,full,order_2,score,succeeded,0.5,1.0,-0.5,0.5,8431,8472,16348,1,,,1.0,Correct,unseen_answers,test,4.13.160
134051,4.13,amem_full,amem,full,order_3,score,succeeded,0.5,1.0,-0.5,0.5,8426,8466,14877,1,,,1.0,Correct,unseen_answers,test,4.13.160
133915,4.13,amem_full,amem,full,order_1,score,succeeded,0.5,1.0,-0.5,0.5,8311,8352,14751,1,,,1.0,Correct,unseen_answers,test,4.13.186
133985,4.13,amem_full,amem,full,order_2,score,succeeded,0.75,1.0,-0.25,0.25,8609,8652,13623,1,,,1.0,Correct,unseen_answers,test,4.13.186
134055,4.13,amem_full,amem,full,order_3,score,succeeded,0.5,1.0,-0.5,0.5,8697,8740,19150,1,,,1.0,Correct,unseen_answers,test,4.13.186
133918,4.13,amem_full,amem,full,order_1,score,succeeded,0.75,1.0,-0.25,0.25,8145,8177,15665,1,,,1.0,Correct,unseen_answers,test,4.13.192
133988,4.13,amem_full,amem,full,order_2,score,succeeded,0.6,1.0,-0.4,0.4,8290,8333,16796,1,,,1.0,Correct,unseen_answers,test,4.13.192
134058,4.13,amem_full,amem,full,order_3,score,succeeded,0.5,1.0,-0.5,0.5,8466,8515,14823,1,,,1.0,Correct,unseen_answers,test,4.13.192
133912,4.13,amem_full,amem,full,order_1,score,succeeded,0.0,1.0,0.0,0.0,8330,8362,20779,1,,,0.0,The question is not about the network topology but about the routing strategy!,unseen_answers,test,4.13.202
133982,4.13,amem_full,amem,full,order_2,score,succeeded,0.2,1.0,0.2,0.2,8611,8648,17492,1,,,0.0,The question is not about the network topology but about the routing strategy!,unseen_answers,test,4.13.202
134052,4.13,amem_full,amem,full,order_3,score,succeeded,0.2,1.0,0.2,0.2,8675,8717,14311,1,,,0.0,The question is not about the network topology but about the routing strategy!,unseen_answers,test,4.13.202
133914,4.13,amem_full,amem,full,order_1,score,succeeded,0.75,1.0,0.0,0.0,8257,8294,15011,1,,,0.75,But why is oscillating a problem?,unseen_answers,test,4.13.210
133984,4.13,amem_full,amem,full,order_2,score,succeeded,0.75,1.0,0.0,0.0,8525,8564,14503,1,,,0.75,But why is oscillating a problem?,unseen_answers,test,4.13.210
134054,4.13,amem_full,amem,full,order_3,score,succeeded,0.75,1.0,0.0,0.0,8649,8683,14433,1,,,0.75,But why is oscillating a problem?,unseen_answers,test,4.13.210
133919,4.13,amem_full,amem,full,order_1,score,succeeded,0.5,1.0,0.0,0.0,8178,8223,16406,1,,,0.5,But this is not a problem specific for the routing strategy,unseen_answers,test,4.13.233
133989,4.13,amem_full,amem,full,order_2,score,succeeded,0.25,1.0,-0.25,0.25,8410,8452,14286,1,,,0.5,But this is not a problem specific for the routing strategy,unseen_answers,test,4.13.233
134059,4.13,amem_full,amem,full,order_3,score,succeeded,0.5,1.0,0.0,0.0,8463,8529,18101,1,,,0.5,But this is not a problem specific for the routing strategy,unseen_answers,test,4.13.233
133913,4.13,amem_full,amem,full,order_1,score,succeeded,0.75,1.0,0.0,0.0,8365,8407,15459,1,,,0.75,But why is oscillating a problem?,unseen_answers,test,4.13.361
133983,4.13,amem_full,amem,full,order_2,score,succeeded,0.75,1.0,0.0,0.0,8586,8623,18013,1,,,0.75,But why is oscillating a problem?,unseen_answers,test,4.13.361
134053,4.13,amem_full,amem,full,order_3,score,succeeded,0.75,1.0,0.0,0.0,8772,8809,14259,1,,,0.75,But why is oscillating a problem?,unseen_answers,test,4.13.361
133920,4.13,amem_full,amem,full,order_1,score,succeeded,0.75,1.0,-0.25,0.25,8161,8195,19142,1,,,1.0,Correct,unseen_answers,test,4.13.82
133990,4.13,amem_full,amem,full,order_2,score,succeeded,0.75,1.0,-0.25,0.25,8469,8501,14497,1,,,1.0,Correct,unseen_answers,test,4.13.82
134060,4.13,amem_full,amem,full,order_3,score,succeeded,0.75,1.0,-0.25,0.25,8527,8561,14113,1,,,1.0,Correct,unseen_answers,test,4.13.82
133946,4.13,amem_no_feedback,amem,no_feedback,order_1,score,succeeded,1.0,1.0,0.0,0.0,7921,7958,16787,1,,,1.0,Correct,unseen_answers,test,4.13.128
134016,4.13,amem_no_feedback,amem,no_feedback,order_2,score,succeeded,1.0,1.0,0.0,0.0,8253,8284,12205,1,,,1.0,Correct,unseen_answers,test,4.13.128
134086,4.13,amem_no_feedback,amem,no_feedback,order_3,score,succeeded,1.0,1.0,0.0,0.0,7687,7719,11233,1,,,1.0,Correct,unseen_answers,test,4.13.128
133947,4.13,amem_no_feedback,amem,no_feedback,order_1,score,succeeded,0.75,1.0,0.0,0.0,8142,8176,14031,1,,,0.75,But why is oscillating a problem?,unseen_answers,test,4.13.140
134017,4.13,amem_no_feedback,amem,no_feedback,order_2,score,succeeded,0.75,1.0,0.0,0.0,8168,8207,11038,1,,,0.75,But why is oscillating a problem?,unseen_answers,test,4.13.140
134087,4.13,amem_no_feedback,amem,no_feedback,order_3,score,succeeded,0.75,1.0,0.0,0.0,7786,7822,11638,1,,,0.75,But why is oscillating a problem?,unseen_answers,test,4.13.140
133941,4.13,amem_no_feedback,amem,no_feedback,order_1,score,succeeded,0.75,1.0,-0.25,0.25,7981,8016,12954,1,,,1.0,Correct,unseen_answers,test,4.13.160
134011,4.13,amem_no_feedback,amem,no_feedback,order_2,score,succeeded,0.5,1.0,-0.5,0.5,8292,8336,16444,1,,,1.0,Correct,unseen_answers,test,4.13.160
134081,4.13,amem_no_feedback,amem,no_feedback,order_3,score,succeeded,0.5,1.0,-0.5,0.5,7880,7920,13527,1,,,1.0,Correct,unseen_answers,test,4.13.160
133945,4.13,amem_no_feedback,amem,no_feedback,order_1,score,succeeded,0.5,1.0,-0.5,0.5,8111,8155,11680,1,,,1.0,Correct,unseen_answers,test,4.13.186
134015,4.13,amem_no_feedback,amem,no_feedback,order_2,score,succeeded,0.5,1.0,-0.5,0.5,8301,8341,14110,1,,,1.0,Correct,unseen_answers,test,4.13.186
134085,4.13,amem_no_feedback,amem,no_feedback,order_3,score,succeeded,0.75,1.0,-0.25,0.25,7826,7870,13183,1,,,1.0,Correct,unseen_answers,test,4.13.186
133948,4.13,amem_no_feedback,amem,no_feedback,order_1,score,succeeded,0.75,1.0,-0.25,0.25,7972,8016,13463,1,,,1.0,Correct,unseen_answers,test,4.13.192
134018,4.13,amem_no_feedback,amem,no_feedback,order_2,score,succeeded,0.75,1.0,-0.25,0.25,8165,8201,14365,1,,,1.0,Correct,unseen_answers,test,4.13.192
134088,4.13,amem_no_feedback,amem,no_feedback,order_3,score,succeeded,0.75,1.0,-0.25,0.25,7713,7754,13343,1,,,1.0,Correct,unseen_answers,test,4.13.192
133942,4.13,amem_no_feedback,amem,no_feedback,order_1,score,succeeded,0.2,1.0,0.2,0.2,8192,8238,15438,1,,,0.0,The question is not about the network topology but about the routing strategy!,unseen_answers,test,4.13.202
134012,4.13,amem_no_feedback,amem,no_feedback,order_2,score,succeeded,0.0,1.0,0.0,0.0,8410,8452,11074,1,,,0.0,The question is not about the network topology but about the routing strategy!,unseen_answers,test,4.13.202
134082,4.13,amem_no_feedback,amem,no_feedback,order_3,score,succeeded,0.25,1.0,0.25,0.25,7766,7803,11946,1,,,0.0,The question is not about the network topology but about the routing strategy!,unseen_answers,test,4.13.202
133944,4.13,amem_no_feedback,amem,no_feedback,order_1,score,succeeded,0.75,1.0,0.0,0.0,8211,8247,11077,1,,,0.75,But why is oscillating a problem?,unseen_answers,test,4.13.210
134014,4.13,amem_no_feedback,amem,no_feedback,order_2,score,succeeded,0.75,1.0,0.0,0.0,8362,8397,11398,1,,,0.75,But why is oscillating a problem?,unseen_answers,test,4.13.210
134084,4.13,amem_no_feedback,amem,no_feedback,order_3,score,succeeded,0.75,1.0,0.0,0.0,7829,7864,11382,1,,,0.75,But why is oscillating a problem?,unseen_answers,test,4.13.210
133949,4.13,amem_no_feedback,amem,no_feedback,order_1,score,succeeded,0.5,1.0,0.0,0.0,7968,8006,12920,1,,,0.5,But this is not a problem specific for the routing strategy,unseen_answers,test,4.13.233
134019,4.13,amem_no_feedback,amem,no_feedback,order_2,score,succeeded,0.5,1.0,0.0,0.0,8192,8230,14530,1,,,0.5,But this is not a problem specific for the routing strategy,unseen_answers,test,4.13.233
134089,4.13,amem_no_feedback,amem,no_feedback,order_3,score,succeeded,0.5,1.0,0.0,0.0,7762,7800,12285,1,,,0.5,But this is not a problem specific for the routing strategy,unseen_answers,test,4.13.233
133943,4.13,amem_no_feedback,amem,no_feedback,order_1,score,succeeded,0.75,1.0,0.0,0.0,8400,8440,12273,1,,,0.75,But why is oscillating a problem?,unseen_answers,test,4.13.361
134013,4.13,amem_no_feedback,amem,no_feedback,order_2,score,succeeded,0.75,1.0,0.0,0.0,8343,8374,13427,1,,,0.75,But why is oscillating a problem?,unseen_answers,test,4.13.361
134083,4.13,amem_no_feedback,amem,no_feedback,order_3,score,succeeded,0.75,1.0,0.0,0.0,7845,7880,11895,1,,,0.75,But why is oscillating a problem?,unseen_answers,test,4.13.361
133950,4.13,amem_no_feedback,amem,no_feedback,order_1,score,succeeded,0.75,1.0,-0.25,0.25,8138,8173,11200,1,,,1.0,Correct,unseen_answers,test,4.13.82
134020,4.13,amem_no_feedback,amem,no_feedback,order_2,score,succeeded,0.75,1.0,-0.25,0.25,7999,8032,14078,1,,,1.0,Correct,unseen_answers,test,4.13.82
134090,4.13,amem_no_feedback,amem,no_feedback,order_3,score,succeeded,0.75,1.0,-0.25,0.25,7739,7773,14074,1,,,1.0,Correct,unseen_answers,test,4.13.82
133906,4.13,mem0_full,mem0,full,order_1,score,succeeded,0.8,1.0,-0.19999999999999996,0.19999999999999996,748,790,22947,1,,,1.0,Correct,unseen_answers,test,4.13.128
133976,4.13,mem0_full,mem0,full,order_2,score,succeeded,0.85,1.0,-0.15000000000000002,0.15000000000000002,510,562,12368,1,,,1.0,Correct,unseen_answers,test,4.13.128
134046,4.13,mem0_full,mem0,full,order_3,score,succeeded,0.75,1.0,-0.25,0.25,518,563,14086,1,,,1.0,Correct,unseen_answers,test,4.13.128
133907,4.13,mem0_full,mem0,full,order_1,score,succeeded,0.5,1.0,-0.25,0.25,768,802,12458,1,,,0.75,But why is oscillating a problem?,unseen_answers,test,4.13.140
133977,4.13,mem0_full,mem0,full,order_2,score,succeeded,0.7,1.0,-0.050000000000000044,0.050000000000000044,527,565,13082,1,,,0.75,But why is oscillating a problem?,unseen_answers,test,4.13.140
134047,4.13,mem0_full,mem0,full,order_3,score,succeeded,0.75,1.0,0.0,0.0,538,573,12949,1,,,0.75,But why is oscillating a problem?,unseen_answers,test,4.13.140
133901,4.13,mem0_full,mem0,full,order_1,score,succeeded,0.25,1.0,-0.75,0.75,722,761,13777,1,,,1.0,Correct,unseen_answers,test,4.13.160
133971,4.13,mem0_full,mem0,full,order_2,score,succeeded,0.5,1.0,-0.5,0.5,484,528,13742,1,,,1.0,Correct,unseen_answers,test,4.13.160
134041,4.13,mem0_full,mem0,full,order_3,score,succeeded,0.3,1.0,-0.7,0.7,492,535,13393,1,,,1.0,Correct,unseen_answers,test,4.13.160
133905,4.13,mem0_full,mem0,full,order_1,score,succeeded,0.3,1.0,-0.7,0.7,766,813,11811,1,,,1.0,Correct,unseen_answers,test,4.13.186
133975,4.13,mem0_full,mem0,full,order_2,score,succeeded,0.3,1.0,-0.7,0.7,528,565,11141,1,,,1.0,Correct,unseen_answers,test,4.13.186
134045,4.13,mem0_full,mem0,full,order_3,score,succeeded,0.25,1.0,-0.75,0.75,536,580,14759,1,,,1.0,Correct,unseen_answers,test,4.13.186
133908,4.13,mem0_full,mem0,full,order_1,score,succeeded,0.45,1.0,-0.55,0.55,743,782,12949,1,,,1.0,Correct,unseen_answers,test,4.13.192
133978,4.13,mem0_full,mem0,full,order_2,score,succeeded,0.5,1.0,-0.5,0.5,505,567,15679,1,,,1.0,Correct,unseen_answers,test,4.13.192
134048,4.13,mem0_full,mem0,full,order_3,score,succeeded,0.5,1.0,-0.5,0.5,513,563,14259,1,,,1.0,Correct,unseen_answers,test,4.13.192
133902,4.13,mem0_full,mem0,full,order_1,score,succeeded,0.2,1.0,0.2,0.2,785,833,13382,1,,,0.0,The question is not about the network topology but about the routing strategy!,unseen_answers,test,4.13.202
133972,4.13,mem0_full,mem0,full,order_2,score,succeeded,0.1,1.0,0.1,0.1,547,589,12031,1,,,0.0,The question is not about the network topology but about the routing strategy!,unseen_answers,test,4.13.202
134042,4.13,mem0_full,mem0,full,order_3,score,succeeded,0.1,1.0,0.1,0.1,555,590,12900,1,,,0.0,The question is not about the network topology but about the routing strategy!,unseen_answers,test,4.13.202
133904,4.13,mem0_full,mem0,full,order_1,score,succeeded,0.6,1.0,-0.15000000000000002,0.15000000000000002,762,801,12431,1,,,0.75,But why is oscillating a problem?,unseen_answers,test,4.13.210
133974,4.13,mem0_full,mem0,full,order_2,score,succeeded,0.7,1.0,-0.050000000000000044,0.050000000000000044,524,575,12330,1,,,0.75,But why is oscillating a problem?,unseen_answers,test,4.13.210
134044,4.13,mem0_full,mem0,full,order_3,score,succeeded,0.7,1.0,-0.050000000000000044,0.050000000000000044,535,568,14465,1,,,0.75,But why is oscillating a problem?,unseen_answers,test,4.13.210
133909,4.13,mem0_full,mem0,full,order_1,score,succeeded,0.2,1.0,-0.3,0.3,724,770,16055,1,,,0.5,But this is not a problem specific for the routing strategy,unseen_answers,test,4.13.233
133979,4.13,mem0_full,mem0,full,order_2,score,succeeded,0.1,1.0,-0.4,0.4,486,522,12880,1,,,0.5,But this is not a problem specific for the routing strategy,unseen_answers,test,4.13.233
134049,4.13,mem0_full,mem0,full,order_3,score,succeeded,0.0,1.0,-0.5,0.5,494,529,15965,1,,,0.5,But this is not a problem specific for the routing strategy,unseen_answers,test,4.13.233
133903,4.13,mem0_full,mem0,full,order_1,score,succeeded,0.8,1.0,0.050000000000000044,0.050000000000000044,772,806,13550,1,,,0.75,But why is oscillating a problem?,unseen_answers,test,4.13.361
133973,4.13,mem0_full,mem0,full,order_2,score,succeeded,0.8,1.0,0.050000000000000044,0.050000000000000044,534,574,13714,1,,,0.75,But why is oscillating a problem?,unseen_answers,test,4.13.361
134043,4.13,mem0_full,mem0,full,order_3,score,succeeded,0.8,1.0,0.050000000000000044,0.050000000000000044,542,578,12662,1,,,0.75,But why is oscillating a problem?,unseen_answers,test,4.13.361
133910,4.13,mem0_full,mem0,full,order_1,score,succeeded,0.6,1.0,-0.4,0.4,739,771,12156,1,,,1.0,Correct,unseen_answers,test,4.13.82
133980,4.13,mem0_full,mem0,full,order_2,score,succeeded,0.6,1.0,-0.4,0.4,504,539,11902,1,,,1.0,Correct,unseen_answers,test,4.13.82
134050,4.13,mem0_full,mem0,full,order_3,score,succeeded,0.6,1.0,-0.4,0.4,509,541,10866,1,,,1.0,Correct,unseen_answers,test,4.13.82
133936,4.13,mem0_no_feedback,mem0,no_feedback,order_1,score,succeeded,0.85,1.0,-0.15000000000000002,0.15000000000000002,524,575,9679,1,,,1.0,Correct,unseen_answers,test,4.13.128
134006,4.13,mem0_no_feedback,mem0,no_feedback,order_2,score,succeeded,0.85,1.0,-0.15000000000000002,0.15000000000000002,508,550,9575,1,,,1.0,Correct,unseen_answers,test,4.13.128
134076,4.13,mem0_no_feedback,mem0,no_feedback,order_3,score,succeeded,0.85,1.0,-0.15000000000000002,0.15000000000000002,517,565,11270,1,,,1.0,Correct,unseen_answers,test,4.13.128
133937,4.13,mem0_no_feedback,mem0,no_feedback,order_1,score,succeeded,0.75,1.0,0.0,0.0,544,602,9646,1,,,0.75,But why is oscillating a problem?,unseen_answers,test,4.13.140
134007,4.13,mem0_no_feedback,mem0,no_feedback,order_2,score,succeeded,0.7,1.0,-0.050000000000000044,0.050000000000000044,528,565,12218,1,,,0.75,But why is oscillating a problem?,unseen_answers,test,4.13.140
134077,4.13,mem0_no_feedback,mem0,no_feedback,order_3,score,succeeded,0.7,1.0,-0.050000000000000044,0.050000000000000044,537,572,10987,1,,,0.75,But why is oscillating a problem?,unseen_answers,test,4.13.140
133931,4.13,mem0_no_feedback,mem0,no_feedback,order_1,score,succeeded,0.2,1.0,-0.8,0.8,498,541,9893,1,,,1.0,Correct,unseen_answers,test,4.13.160
134001,4.13,mem0_no_feedback,mem0,no_feedback,order_2,score,succeeded,0.5,1.0,-0.5,0.5,482,527,9413,1,,,1.0,Correct,unseen_answers,test,4.13.160
134071,4.13,mem0_no_feedback,mem0,no_feedback,order_3,score,succeeded,0.25,1.0,-0.75,0.75,488,532,13342,1,,,1.0,Correct,unseen_answers,test,4.13.160
133935,4.13,mem0_no_feedback,mem0,no_feedback,order_1,score,succeeded,0.2,1.0,-0.8,0.8,542,582,10734,1,,,1.0,Correct,unseen_answers,test,4.13.186
134005,4.13,mem0_no_feedback,mem0,no_feedback,order_2,score,succeeded,0.3,1.0,-0.7,0.7,526,568,9611,1,,,1.0,Correct,unseen_answers,test,4.13.186
134075,4.13,mem0_no_feedback,mem0,no_feedback,order_3,score,succeeded,0.25,1.0,-0.75,0.75,535,574,17641,1,,,1.0,Correct,unseen_answers,test,4.13.186
133938,4.13,mem0_no_feedback,mem0,no_feedback,order_1,score,succeeded,0.6,1.0,-0.4,0.4,519,580,14771,1,,,1.0,Correct,unseen_answers,test,4.13.192
134008,4.13,mem0_no_feedback,mem0,no_feedback,order_2,score,succeeded,0.6,1.0,-0.4,0.4,503,556,13489,1,,,1.0,Correct,unseen_answers,test,4.13.192
134078,4.13,mem0_no_feedback,mem0,no_feedback,order_3,score,succeeded,0.7,1.0,-0.30000000000000004,0.30000000000000004,512,558,12156,1,,,1.0,Correct,unseen_answers,test,4.13.192
133932,4.13,mem0_no_feedback,mem0,no_feedback,order_1,score,succeeded,0.1,1.0,0.1,0.1,561,603,11771,1,,,0.0,The question is not about the network topology but about the routing strategy!,unseen_answers,test,4.13.202
134002,4.13,mem0_no_feedback,mem0,no_feedback,order_2,score,succeeded,0.15,1.0,0.15,0.15,545,597,8998,1,,,0.0,The question is not about the network topology but about the routing strategy!,unseen_answers,test,4.13.202
134072,4.13,mem0_no_feedback,mem0,no_feedback,order_3,score,succeeded,0.0,1.0,0.0,0.0,554,589,11719,1,,,0.0,The question is not about the network topology but about the routing strategy!,unseen_answers,test,4.13.202
133934,4.13,mem0_no_feedback,mem0,no_feedback,order_1,score,succeeded,0.7,1.0,-0.050000000000000044,0.050000000000000044,541,574,10236,1,,,0.75,But why is oscillating a problem?,unseen_answers,test,4.13.210
134004,4.13,mem0_no_feedback,mem0,no_feedback,order_2,score,succeeded,0.7,1.0,-0.050000000000000044,0.050000000000000044,525,573,10630,1,,,0.75,But why is oscillating a problem?,unseen_answers,test,4.13.210
134074,4.13,mem0_no_feedback,mem0,no_feedback,order_3,score,succeeded,0.7,1.0,-0.050000000000000044,0.050000000000000044,534,573,9287,1,,,0.75,But why is oscillating a problem?,unseen_answers,test,4.13.210
133939,4.13,mem0_no_feedback,mem0,no_feedback,order_1,score,succeeded,0.2,1.0,-0.3,0.3,500,548,9546,1,,,0.5,But this is not a problem specific for the routing strategy,unseen_answers,test,4.13.233
134009,4.13,mem0_no_feedback,mem0,no_feedback,order_2,score,succeeded,0.0,1.0,-0.5,0.5,481,527,10579,1,,,0.5,But this is not a problem specific for the routing strategy,unseen_answers,test,4.13.233
134079,4.13,mem0_no_feedback,mem0,no_feedback,order_3,score,succeeded,0.1,1.0,-0.4,0.4,493,543,11630,1,,,0.5,But this is not a problem specific for the routing strategy,unseen_answers,test,4.13.233
133933,4.13,mem0_no_feedback,mem0,no_feedback,order_1,score,succeeded,0.75,1.0,0.0,0.0,548,592,10172,1,,,0.75,But why is oscillating a problem?,unseen_answers,test,4.13.361
134003,4.13,mem0_no_feedback,mem0,no_feedback,order_2,score,succeeded,0.8,1.0,0.050000000000000044,0.050000000000000044,532,569,13952,1,,,0.75,But why is oscillating a problem?,unseen_answers,test,4.13.361
134073,4.13,mem0_no_feedback,mem0,no_feedback,order_3,score,succeeded,0.75,1.0,0.0,0.0,541,577,12234,1,,,0.75,But why is oscillating a problem?,unseen_answers,test,4.13.361
133940,4.13,mem0_no_feedback,mem0,no_feedback,order_1,score,succeeded,0.6,1.0,-0.4,0.4,518,553,10781,1,,,1.0,Correct,unseen_answers,test,4.13.82
134010,4.13,mem0_no_feedback,mem0,no_feedback,order_2,score,succeeded,0.7,1.0,-0.30000000000000004,0.30000000000000004,502,537,11032,1,,,1.0,Correct,unseen_answers,test,4.13.82
134080,4.13,mem0_no_feedback,mem0,no_feedback,order_3,score,succeeded,0.65,1.0,-0.35,0.35,511,543,11774,1,,,1.0,Correct,unseen_answers,test,4.13.82
133886,4.13,no_memory,none,none,order_1,score,succeeded,1.0,1.0,0.0,0.0,247,278,12381,1,,,1.0,Correct,unseen_answers,test,4.13.128
133956,4.13,no_memory,none,none,order_2,score,succeeded,1.0,1.0,0.0,0.0,247,278,14111,1,,,1.0,Correct,unseen_answers,test,4.13.128
134026,4.13,no_memory,none,none,order_3,score,succeeded,1.0,1.0,0.0,0.0,247,278,16242,1,,,1.0,Correct,unseen_answers,test,4.13.128
133887,4.13,no_memory,none,none,order_1,score,succeeded,0.6,1.0,-0.15000000000000002,0.15000000000000002,267,315,15396,1,,,0.75,But why is oscillating a problem?,unseen_answers,test,4.13.140
133957,4.13,no_memory,none,none,order_2,score,succeeded,0.5,1.0,-0.25,0.25,267,312,15240,1,,,0.75,But why is oscillating a problem?,unseen_answers,test,4.13.140
134027,4.13,no_memory,none,none,order_3,score,succeeded,0.5,1.0,-0.25,0.25,267,302,13149,1,,,0.75,But why is oscillating a problem?,unseen_answers,test,4.13.140
133881,4.13,no_memory,none,none,order_1,score,succeeded,0.3,1.0,-0.7,0.7,221,260,10796,1,,,1.0,Correct,unseen_answers,test,4.13.160
133951,4.13,no_memory,none,none,order_2,score,succeeded,0.3,1.0,-0.7,0.7,221,266,12968,1,,,1.0,Correct,unseen_answers,test,4.13.160
134021,4.13,no_memory,none,none,order_3,score,succeeded,0.25,1.0,-0.75,0.75,221,264,13834,1,,,1.0,Correct,unseen_answers,test,4.13.160
133885,4.13,no_memory,none,none,order_1,score,succeeded,0.25,1.0,-0.75,0.75,265,309,13466,1,,,1.0,Correct,unseen_answers,test,4.13.186
133955,4.13,no_memory,none,none,order_2,score,succeeded,0.25,1.0,-0.75,0.75,265,302,12752,1,,,1.0,Correct,unseen_answers,test,4.13.186
134025,4.13,no_memory,none,none,order_3,score,succeeded,0.2,1.0,-0.8,0.8,265,310,13316,1,,,1.0,Correct,unseen_answers,test,4.13.186
133888,4.13,no_memory,none,none,order_1,score,succeeded,0.5,1.0,-0.5,0.5,242,278,15828,1,,,1.0,Correct,unseen_answers,test,4.13.192
133958,4.13,no_memory,none,none,order_2,score,succeeded,0.5,1.0,-0.5,0.5,242,283,16020,1,,,1.0,Correct,unseen_answers,test,4.13.192
134028,4.13,no_memory,none,none,order_3,score,succeeded,0.5,1.0,-0.5,0.5,242,281,12768,1,,,1.0,Correct,unseen_answers,test,4.13.192
133882,4.13,no_memory,none,none,order_1,score,succeeded,0.1,1.0,0.1,0.1,284,319,10639,1,,,0.0,The question is not about the network topology but about the routing strategy!,unseen_answers,test,4.13.202
133952,4.13,no_memory,none,none,order_2,score,succeeded,0.0,1.0,0.0,0.0,284,319,13259,1,,,0.0,The question is not about the network topology but about the routing strategy!,unseen_answers,test,4.13.202
134022,4.13,no_memory,none,none,order_3,score,succeeded,0.1,1.0,0.1,0.1,284,325,11407,1,,,0.0,The question is not about the network topology but about the routing strategy!,unseen_answers,test,4.13.202
133884,4.13,no_memory,none,none,order_1,score,succeeded,0.6,1.0,-0.15000000000000002,0.15000000000000002,264,298,16127,1,,,0.75,But why is oscillating a problem?,unseen_answers,test,4.13.210
133954,4.13,no_memory,none,none,order_2,score,succeeded,0.6,1.0,-0.15000000000000002,0.15000000000000002,264,304,14224,1,,,0.75,But why is oscillating a problem?,unseen_answers,test,4.13.210
134024,4.13,no_memory,none,none,order_3,score,succeeded,0.7,1.0,-0.050000000000000044,0.050000000000000044,264,299,11758,1,,,0.75,But why is oscillating a problem?,unseen_answers,test,4.13.210
133889,4.13,no_memory,none,none,order_1,score,succeeded,0.2,1.0,-0.3,0.3,223,267,12243,1,,,0.5,But this is not a problem specific for the routing strategy,unseen_answers,test,4.13.233
133959,4.13,no_memory,none,none,order_2,score,succeeded,0.2,1.0,-0.3,0.3,223,263,14622,1,,,0.5,But this is not a problem specific for the routing strategy,unseen_answers,test,4.13.233
134029,4.13,no_memory,none,none,order_3,score,succeeded,0.2,1.0,-0.3,0.3,223,270,13231,1,,,0.5,But this is not a problem specific for the routing strategy,unseen_answers,test,4.13.233
133883,4.13,no_memory,none,none,order_1,score,succeeded,0.8,1.0,0.050000000000000044,0.050000000000000044,271,303,10604,1,,,0.75,But why is oscillating a problem?,unseen_answers,test,4.13.361
133953,4.13,no_memory,none,none,order_2,score,succeeded,0.7,1.0,-0.050000000000000044,0.050000000000000044,271,302,14131,1,,,0.75,But why is oscillating a problem?,unseen_answers,test,4.13.361
134023,4.13,no_memory,none,none,order_3,score,succeeded,0.8,1.0,0.050000000000000044,0.050000000000000044,271,306,16854,1,,,0.75,But why is oscillating a problem?,unseen_answers,test,4.13.361
133890,4.13,no_memory,none,none,order_1,score,succeeded,0.5,1.0,-0.5,0.5,241,272,11738,1,,,1.0,Correct,unseen_answers,test,4.13.82
133960,4.13,no_memory,none,none,order_2,score,succeeded,0.5,1.0,-0.5,0.5,241,270,13530,1,,,1.0,Correct,unseen_answers,test,4.13.82
134030,4.13,no_memory,none,none,order_3,score,succeeded,0.5,1.0,-0.5,0.5,241,284,11286,1,,,1.0,Correct,unseen_answers,test,4.13.82
133896,4.13,retrieval_full,retrieval,full,order_1,score,succeeded,1.0,1.0,0.0,0.0,4846,4877,12169,1,,,1.0,Correct,unseen_answers,test,4.13.128
133966,4.13,retrieval_full,retrieval,full,order_2,score,succeeded,1.0,1.0,0.0,0.0,4846,4876,12820,1,,,1.0,Correct,unseen_answers,test,4.13.128
134036,4.13,retrieval_full,retrieval,full,order_3,score,succeeded,1.0,1.0,0.0,0.0,4846,4877,11846,1,,,1.0,Correct,unseen_answers,test,4.13.128
133897,4.13,retrieval_full,retrieval,full,order_1,score,succeeded,0.75,1.0,0.0,0.0,4880,4915,12887,1,,,0.75,But why is oscillating a problem?,unseen_answers,test,4.13.140
133967,4.13,retrieval_full,retrieval,full,order_2,score,succeeded,0.75,1.0,0.0,0.0,4880,4914,12221,1,,,0.75,But why is oscillating a problem?,unseen_answers,test,4.13.140
134037,4.13,retrieval_full,retrieval,full,order_3,score,succeeded,0.75,1.0,0.0,0.0,4880,4915,12794,1,,,0.75,But why is oscillating a problem?,unseen_answers,test,4.13.140
133891,4.13,retrieval_full,retrieval,full,order_1,score,succeeded,0.75,1.0,-0.25,0.25,4799,4833,15572,1,,,1.0,Correct,unseen_answers,test,4.13.160
133961,4.13,retrieval_full,retrieval,full,order_2,score,succeeded,0.5,1.0,-0.5,0.5,4799,4846,13372,1,,,1.0,Correct,unseen_answers,test,4.13.160
134031,4.13,retrieval_full,retrieval,full,order_3,score,succeeded,0.5,1.0,-0.5,0.5,4799,4844,11345,1,,,1.0,Correct,unseen_answers,test,4.13.160
133895,4.13,retrieval_full,retrieval,full,order_1,score,succeeded,0.5,1.0,-0.5,0.5,5069,5109,12740,1,,,1.0,Correct,unseen_answers,test,4.13.186
133965,4.13,retrieval_full,retrieval,full,order_2,score,succeeded,0.5,1.0,-0.5,0.5,5069,5112,13365,1,,,1.0,Correct,unseen_answers,test,4.13.186
134035,4.13,retrieval_full,retrieval,full,order_3,score,succeeded,0.5,1.0,-0.5,0.5,5069,5109,12128,1,,,1.0,Correct,unseen_answers,test,4.13.186
133898,4.13,retrieval_full,retrieval,full,order_1,score,succeeded,0.75,1.0,-0.25,0.25,4783,4825,16107,1,,,1.0,Correct,unseen_answers,test,4.13.192
133968,4.13,retrieval_full,retrieval,full,order_2,score,succeeded,0.75,1.0,-0.25,0.25,4783,4821,12156,1,,,1.0,Correct,unseen_answers,test,4.13.192
134038,4.13,retrieval_full,retrieval,full,order_3,score,succeeded,0.75,1.0,-0.25,0.25,4783,4835,12666,1,,,1.0,Correct,unseen_answers,test,4.13.192
133892,4.13,retrieval_full,retrieval,full,order_1,score,succeeded,0.0,1.0,0.0,0.0,4948,4983,13430,1,,,0.0,The question is not about the network topology but about the routing strategy!,unseen_answers,test,4.13.202
133962,4.13,retrieval_full,retrieval,full,order_2,score,succeeded,0.25,1.0,0.25,0.25,4948,4990,14273,1,,,0.0,The question is not about the network topology but about the routing strategy!,unseen_answers,test,4.13.202
134032,4.13,retrieval_full,retrieval,full,order_3,score,succeeded,0.25,1.0,0.25,0.25,4948,4989,11159,1,,,0.0,The question is not about the network topology but about the routing strategy!,unseen_answers,test,4.13.202
133894,4.13,retrieval_full,retrieval,full,order_1,score,succeeded,0.75,1.0,0.0,0.0,4854,4889,10537,1,,,0.75,But why is oscillating a problem?,unseen_answers,test,4.13.210
133964,4.13,retrieval_full,retrieval,full,order_2,score,succeeded,0.75,1.0,0.0,0.0,4854,4890,13907,1,,,0.75,But why is oscillating a problem?,unseen_answers,test,4.13.210
134034,4.13,retrieval_full,retrieval,full,order_3,score,succeeded,0.75,1.0,0.0,0.0,4854,4891,17876,1,,,0.75,But why is oscillating a problem?,unseen_answers,test,4.13.210
133899,4.13,retrieval_full,retrieval,full,order_1,score,succeeded,0.25,1.0,-0.25,0.25,4803,4839,12787,1,,,0.5,But this is not a problem specific for the routing strategy,unseen_answers,test,4.13.233
133969,4.13,retrieval_full,retrieval,full,order_2,score,succeeded,0.5,1.0,0.0,0.0,4803,4839,12652,1,,,0.5,But this is not a problem specific for the routing strategy,unseen_answers,test,4.13.233
134039,4.13,retrieval_full,retrieval,full,order_3,score,succeeded,0.25,1.0,-0.25,0.25,4803,4846,13359,1,,,0.5,But this is not a problem specific for the routing strategy,unseen_answers,test,4.13.233
133893,4.13,retrieval_full,retrieval,full,order_1,score,succeeded,0.75,1.0,0.0,0.0,4919,4954,15019,1,,,0.75,But why is oscillating a problem?,unseen_answers,test,4.13.361
133963,4.13,retrieval_full,retrieval,full,order_2,score,succeeded,0.75,1.0,0.0,0.0,4919,4951,13376,1,,,0.75,But why is oscillating a problem?,unseen_answers,test,4.13.361
134033,4.13,retrieval_full,retrieval,full,order_3,score,succeeded,0.75,1.0,0.0,0.0,4919,4951,10527,1,,,0.75,But why is oscillating a problem?,unseen_answers,test,4.13.361
133900,4.13,retrieval_full,retrieval,full,order_1,score,succeeded,0.75,1.0,-0.25,0.25,4861,4896,13519,1,,,1.0,Correct,unseen_answers,test,4.13.82
133970,4.13,retrieval_full,retrieval,full,order_2,score,succeeded,0.75,1.0,-0.25,0.25,4861,4892,13039,1,,,1.0,Correct,unseen_answers,test,4.13.82
134040,4.13,retrieval_full,retrieval,full,order_3,score,succeeded,0.75,1.0,-0.25,0.25,4861,4893,13163,1,,,1.0,Correct,unseen_answers,test,4.13.82
133926,4.13,retrieval_no_feedback,retrieval,no_feedback,order_1,score,succeeded,1.0,1.0,0.0,0.0,4427,4458,11623,1,,,1.0,Correct,unseen_answers,test,4.13.128
133996,4.13,retrieval_no_feedback,retrieval,no_feedback,order_2,score,succeeded,1.0,1.0,0.0,0.0,4427,4458,10092,1,,,1.0,Correct,unseen_answers,test,4.13.128
134066,4.13,retrieval_no_feedback,retrieval,no_feedback,order_3,score,succeeded,1.0,1.0,0.0,0.0,4427,4458,8760,1,,,1.0,Correct,unseen_answers,test,4.13.128
133927,4.13,retrieval_no_feedback,retrieval,no_feedback,order_1,score,succeeded,0.75,1.0,0.0,0.0,4535,4568,11967,1,,,0.75,But why is oscillating a problem?,unseen_answers,test,4.13.140
133997,4.13,retrieval_no_feedback,retrieval,no_feedback,order_2,score,succeeded,0.75,1.0,0.0,0.0,4535,4572,9519,1,,,0.75,But why is oscillating a problem?,unseen_answers,test,4.13.140
134067,4.13,retrieval_no_feedback,retrieval,no_feedback,order_3,score,succeeded,0.75,1.0,0.0,0.0,4535,4573,11588,1,,,0.75,But why is oscillating a problem?,unseen_answers,test,4.13.140
133921,4.13,retrieval_no_feedback,retrieval,no_feedback,order_1,score,succeeded,0.5,1.0,-0.5,0.5,4403,4442,14087,1,,,1.0,Correct,unseen_answers,test,4.13.160
133991,4.13,retrieval_no_feedback,retrieval,no_feedback,order_2,score,succeeded,0.5,1.0,-0.5,0.5,4403,4448,11037,1,,,1.0,Correct,unseen_answers,test,4.13.160
134061,4.13,retrieval_no_feedback,retrieval,no_feedback,order_3,score,succeeded,0.75,1.0,-0.25,0.25,4403,4446,12389,1,,,1.0,Correct,unseen_answers,test,4.13.160
133925,4.13,retrieval_no_feedback,retrieval,no_feedback,order_1,score,succeeded,0.5,1.0,-0.5,0.5,4550,4594,8662,1,,,1.0,Correct,unseen_answers,test,4.13.186
133995,4.13,retrieval_no_feedback,retrieval,no_feedback,order_2,score,succeeded,0.5,1.0,-0.5,0.5,4550,4592,13415,1,,,1.0,Correct,unseen_answers,test,4.13.186
134065,4.13,retrieval_no_feedback,retrieval,no_feedback,order_3,score,succeeded,0.5,1.0,-0.5,0.5,4550,4591,10363,1,,,1.0,Correct,unseen_answers,test,4.13.186
133928,4.13,retrieval_no_feedback,retrieval,no_feedback,order_1,score,succeeded,0.75,1.0,-0.25,0.25,4471,4516,10610,1,,,1.0,Correct,unseen_answers,test,4.13.192
133998,4.13,retrieval_no_feedback,retrieval,no_feedback,order_2,score,succeeded,0.75,1.0,-0.25,0.25,4471,4523,13395,1,,,1.0,Correct,unseen_answers,test,4.13.192
134068,4.13,retrieval_no_feedback,retrieval,no_feedback,order_3,score,succeeded,0.75,1.0,-0.25,0.25,4471,4511,10473,1,,,1.0,Correct,unseen_answers,test,4.13.192
133922,4.13,retrieval_no_feedback,retrieval,no_feedback,order_1,score,succeeded,0.0,1.0,0.0,0.0,4477,4514,10400,1,,,0.0,The question is not about the network topology but about the routing strategy!,unseen_answers,test,4.13.202
133992,4.13,retrieval_no_feedback,retrieval,no_feedback,order_2,score,succeeded,0.25,1.0,0.25,0.25,4477,4506,11172,1,,,0.0,The question is not about the network topology but about the routing strategy!,unseen_answers,test,4.13.202
134062,4.13,retrieval_no_feedback,retrieval,no_feedback,order_3,score,succeeded,0.25,1.0,0.25,0.25,4477,4511,12557,1,,,0.0,The question is not about the network topology but about the routing strategy!,unseen_answers,test,4.13.202
133924,4.13,retrieval_no_feedback,retrieval,no_feedback,order_1,score,succeeded,0.75,1.0,0.0,0.0,4559,4593,9726,1,,,0.75,But why is oscillating a problem?,unseen_answers,test,4.13.210
133994,4.13,retrieval_no_feedback,retrieval,no_feedback,order_2,score,succeeded,0.75,1.0,0.0,0.0,4559,4595,10315,1,,,0.75,But why is oscillating a problem?,unseen_answers,test,4.13.210
134064,4.13,retrieval_no_feedback,retrieval,no_feedback,order_3,score,succeeded,0.75,1.0,0.0,0.0,4559,4596,11627,1,,,0.75,But why is oscillating a problem?,unseen_answers,test,4.13.210
133929,4.13,retrieval_no_feedback,retrieval,no_feedback,order_1,score,succeeded,0.5,1.0,0.0,0.0,4366,4417,13143,1,,,0.5,But this is not a problem specific for the routing strategy,unseen_answers,test,4.13.233
133999,4.13,retrieval_no_feedback,retrieval,no_feedback,order_2,score,succeeded,0.5,1.0,0.0,0.0,4366,4406,10995,1,,,0.5,But this is not a problem specific for the routing strategy,unseen_answers,test,4.13.233
134069,4.13,retrieval_no_feedback,retrieval,no_feedback,order_3,score,succeeded,0.5,1.0,0.0,0.0,4366,4413,9915,1,,,0.5,But this is not a problem specific for the routing strategy,unseen_answers,test,4.13.233
133923,4.13,retrieval_no_feedback,retrieval,no_feedback,order_1,score,succeeded,0.75,1.0,0.0,0.0,4463,4501,13171,1,,,0.75,But why is oscillating a problem?,unseen_answers,test,4.13.361
133993,4.13,retrieval_no_feedback,retrieval,no_feedback,order_2,score,succeeded,0.75,1.0,0.0,0.0,4463,4505,9085,1,,,0.75,But why is oscillating a problem?,unseen_answers,test,4.13.361
134063,4.13,retrieval_no_feedback,retrieval,no_feedback,order_3,score,succeeded,0.75,1.0,0.0,0.0,4463,4499,11258,1,,,0.75,But why is oscillating a problem?,unseen_answers,test,4.13.361
133930,4.13,retrieval_no_feedback,retrieval,no_feedback,order_1,score,succeeded,0.75,1.0,-0.25,0.25,4539,4575,11089,1,,,1.0,Correct,unseen_answers,test,4.13.82
134000,4.13,retrieval_no_feedback,retrieval,no_feedback,order_2,score,succeeded,0.75,1.0,-0.25,0.25,4539,4574,9849,1,,,1.0,Correct,unseen_answers,test,4.13.82
134070,4.13,retrieval_no_feedback,retrieval,no_feedback,order_3,score,succeeded,0.75,1.0,-0.25,0.25,4539,4573,9975,1,,,1.0,Correct,unseen_answers,test,4.13.82
133282,4.2_LM_v1.0,amem_full,amem,full,order_1,score,succeeded,0.9,1.0,-0.09999999999999998,0.09999999999999998,8767,8816,14307,1,,,1.0,"The response correctly states the definition of frame bursting, including its pros and cons.",unseen_answers,test,4.2_LM_v1.0.108
133352,4.2_LM_v1.0,amem_full,amem,full,order_2,score,succeeded,0.9,1.0,-0.09999999999999998,0.09999999999999998,8812,8866,11757,1,,,1.0,"The response correctly states the definition of frame bursting, including its pros and cons.",unseen_answers,test,4.2_LM_v1.0.108
133422,4.2_LM_v1.0,amem_full,amem,full,order_3,score,succeeded,1.0,1.0,0.0,0.0,8567,8609,12256,1,,,1.0,"The response correctly states the definition of frame bursting, including its pros and cons.",unseen_answers,test,4.2_LM_v1.0.108
133290,4.2_LM_v1.0,amem_full,amem,full,order_1,score,succeeded,1.0,1.0,0.0,0.0,7667,7698,11771,1,,,1.0,"The response answers the correct definition of frame bursting, its advantage and disadvantage.",unseen_answers,test,4.2_LM_v1.0.179
133360,4.2_LM_v1.0,amem_full,amem,full,order_2,score,succeeded,1.0,1.0,0.0,0.0,7872,7903,17560,1,,,1.0,"The response answers the correct definition of frame bursting, its advantage and disadvantage.",unseen_answers,test,4.2_LM_v1.0.179
133430,4.2_LM_v1.0,amem_full,amem,full,order_3,score,succeeded,1.0,1.0,0.0,0.0,7527,7558,11341,1,,,1.0,"The response answers the correct definition of frame bursting, its advantage and disadvantage.",unseen_answers,test,4.2_LM_v1.0.179
133286,4.2_LM_v1.0,amem_full,amem,full,order_1,score,succeeded,1.0,1.0,0.0,0.0,8600,8629,9708,1,,,1.0,The response answers all three parts of the question correctly.,unseen_answers,test,4.2_LM_v1.0.180
133356,4.2_LM_v1.0,amem_full,amem,full,order_2,score,succeeded,1.0,1.0,0.0,0.0,8799,8831,11035,1,,,1.0,The response answers all three parts of the question correctly.,unseen_answers,test,4.2_LM_v1.0.180
133426,4.2_LM_v1.0,amem_full,amem,full,order_3,score,succeeded,1.0,1.0,0.0,0.0,8499,8536,10875,1,,,1.0,The response answers all three parts of the question correctly.,unseen_answers,test,4.2_LM_v1.0.180
133287,4.2_LM_v1.0,amem_full,amem,full,order_1,score,succeeded,1.0,1.0,0.0,0.0,7759,7787,12216,1,,,1.0,The response correctly answers all three parts of the question.,unseen_answers,test,4.2_LM_v1.0.213
133357,4.2_LM_v1.0,amem_full,amem,full,order_2,score,succeeded,1.0,1.0,0.0,0.0,7844,7895,14308,1,,,1.0,The response correctly answers all three parts of the question.,unseen_answers,test,4.2_LM_v1.0.213
133427,4.2_LM_v1.0,amem_full,amem,full,order_3,score,succeeded,1.0,1.0,0.0,0.0,7733,7760,11791,1,,,1.0,The response correctly answers all three parts of the question.,unseen_answers,test,4.2_LM_v1.0.213
133289,4.2_LM_v1.0,amem_full,amem,full,order_1,score,succeeded,1.0,1.0,0.0,0.0,8276,8307,8833,1,,,1.0,The response answers all three parts of the question correctly.,unseen_answers,test,4.2_LM_v1.0.26
133359,4.2_LM_v1.0,amem_full,amem,full,order_2,score,succeeded,1.0,1.0,0.0,0.0,8361,8391,11492,1,,,1.0,The response answers all three parts of the question correctly.,unseen_answers,test,4.2_LM_v1.0.26
133429,4.2_LM_v1.0,amem_full,amem,full,order_3,score,succeeded,1.0,1.0,0.0,0.0,8132,8168,13544,1,,,1.0,The response answers all three parts of the question correctly.,unseen_answers,test,4.2_LM_v1.0.26
133288,4.2_LM_v1.0,amem_full,amem,full,order_1,score,succeeded,1.0,1.0,0.0,0.0,8437,8467,9815,1,,,1.0,The response is answering all three parts of the question correctly.,unseen_answers,test,4.2_LM_v1.0.298
133358,4.2_LM_v1.0,amem_full,amem,full,order_2,score,succeeded,1.0,1.0,0.0,0.0,8758,8798,12632,1,,,1.0,The response is answering all three parts of the question correctly.,unseen_answers,test,4.2_LM_v1.0.298
133428,4.2_LM_v1.0,amem_full,amem,full,order_3,score,succeeded,1.0,1.0,0.0,0.0,8139,8179,13351,1,,,1.0,The response is answering all three parts of the question correctly.,unseen_answers,test,4.2_LM_v1.0.298
133281,4.2_LM_v1.0,amem_full,amem,full,order_1,score,succeeded,1.0,1.0,0.0,0.0,7822,7873,16974,1,,,1.0,"The response is correct. However, to substitute carrier extension, frame bursting with frame aggregation has to be used. In this case, frames are directly concatenated without waiting for acknowledgments in between.",unseen_answers,test,4.2_LM_v1.0.332
133351,4.2_LM_v1.0,amem_full,amem,full,order_2,score,succeeded,0.75,1.0,-0.25,0.25,7932,7975,20039,1,,,1.0,"The response is correct. However, to substitute carrier extension, frame bursting with frame aggregation has to be used. In this case, frames are directly concatenated without waiting for acknowledgments in between.",unseen_answers,test,4.2_LM_v1.0.332
133421,4.2_LM_v1.0,amem_full,amem,full,order_3,score,succeeded,0.75,1.0,-0.25,0.25,7801,7846,17806,1,,,1.0,"The response is correct. However, to substitute carrier extension, frame bursting with frame aggregation has to be used. In this case, frames are directly concatenated without waiting for acknowledgments in between.",unseen_answers,test,4.2_LM_v1.0.332
133284,4.2_LM_v1.0,amem_full,amem,full,order_1,score,succeeded,1.0,1.0,0.0,0.0,7941,7972,10127,1,,,1.0,"The response correctly answers all three parts, the frame bursting definition, its advantage and disadvantage.",unseen_answers,test,4.2_LM_v1.0.351
133354,4.2_LM_v1.0,amem_full,amem,full,order_2,score,succeeded,1.0,1.0,0.0,0.0,8380,8410,10236,1,,,1.0,"The response correctly answers all three parts, the frame bursting definition, its advantage and disadvantage.",unseen_answers,test,4.2_LM_v1.0.351
133424,4.2_LM_v1.0,amem_full,amem,full,order_3,score,succeeded,1.0,1.0,0.0,0.0,8375,8406,12650,1,,,1.0,"The response correctly answers all three parts, the frame bursting definition, its advantage and disadvantage.",unseen_answers,test,4.2_LM_v1.0.351
133283,4.2_LM_v1.0,amem_full,amem,full,order_1,score,succeeded,1.0,1.0,0.0,0.0,7673,7704,10816,1,,,1.0,"The response gives a correct definition of frame bursting, its advantage and disadvantage.",unseen_answers,test,4.2_LM_v1.0.359
133353,4.2_LM_v1.0,amem_full,amem,full,order_2,score,succeeded,1.0,1.0,0.0,0.0,7869,7894,10017,1,,,1.0,"The response gives a correct definition of frame bursting, its advantage and disadvantage.",unseen_answers,test,4.2_LM_v1.0.359
133423,4.2_LM_v1.0,amem_full,amem,full,order_3,score,succeeded,1.0,1.0,0.0,0.0,7495,7521,14509,1,,,1.0,"The response gives a correct definition of frame bursting, its advantage and disadvantage.",unseen_answers,test,4.2_LM_v1.0.359
133285,4.2_LM_v1.0,amem_full,amem,full,order_1,score,succeeded,1.0,1.0,0.0,0.0,7997,8028,10136,1,,,1.0,"The response gives a correct definition of frame bursting, including its benefits and drawbacks.",unseen_answers,test,4.2_LM_v1.0.39
133355,4.2_LM_v1.0,amem_full,amem,full,order_2,score,succeeded,1.0,1.0,0.0,0.0,7979,8006,10920,1,,,1.0,"The response gives a correct definition of frame bursting, including its benefits and drawbacks.",unseen_answers,test,4.2_LM_v1.0.39
133425,4.2_LM_v1.0,amem_full,amem,full,order_3,score,succeeded,1.0,1.0,0.0,0.0,7953,7980,14076,1,,,1.0,"The response gives a correct definition of frame bursting, including its benefits and drawbacks.",unseen_answers,test,4.2_LM_v1.0.39
133312,4.2_LM_v1.0,amem_no_feedback,amem,no_feedback,order_1,score,succeeded,1.0,1.0,0.0,0.0,8704,8740,15027,1,,,1.0,"The response correctly states the definition of frame bursting, including its pros and cons.",unseen_answers,test,4.2_LM_v1.0.108
133382,4.2_LM_v1.0,amem_no_feedback,amem,no_feedback,order_2,score,succeeded,0.95,1.0,-0.050000000000000044,0.050000000000000044,8323,8365,13945,1,,,1.0,"The response correctly states the definition of frame bursting, including its pros and cons.",unseen_answers,test,4.2_LM_v1.0.108
133452,4.2_LM_v1.0,amem_no_feedback,amem,no_feedback,order_3,score,succeeded,1.0,1.0,0.0,0.0,7956,7997,19211,1,,,1.0,"The response correctly states the definition of frame bursting, including its pros and cons.",unseen_answers,test,4.2_LM_v1.0.108
133320,4.2_LM_v1.0,amem_no_feedback,amem,no_feedback,order_1,score,succeeded,1.0,1.0,0.0,0.0,7592,7622,13695,1,,,1.0,"The response answers the correct definition of frame bursting, its advantage and disadvantage.",unseen_answers,test,4.2_LM_v1.0.179
133390,4.2_LM_v1.0,amem_no_feedback,amem,no_feedback,order_2,score,succeeded,1.0,1.0,0.0,0.0,7069,7101,13432,1,,,1.0,"The response answers the correct definition of frame bursting, its advantage and disadvantage.",unseen_answers,test,4.2_LM_v1.0.179
133460,4.2_LM_v1.0,amem_no_feedback,amem,no_feedback,order_3,score,succeeded,1.0,1.0,0.0,0.0,6907,6940,14765,1,,,1.0,"The response answers the correct definition of frame bursting, its advantage and disadvantage.",unseen_answers,test,4.2_LM_v1.0.179
133316,4.2_LM_v1.0,amem_no_feedback,amem,no_feedback,order_1,score,succeeded,1.0,1.0,0.0,0.0,8069,8099,15423,1,,,1.0,The response answers all three parts of the question correctly.,unseen_answers,test,4.2_LM_v1.0.180
133386,4.2_LM_v1.0,amem_no_feedback,amem,no_feedback,order_2,score,succeeded,1.0,1.0,0.0,0.0,7717,7748,12103,1,,,1.0,The response answers all three parts of the question correctly.,unseen_answers,test,4.2_LM_v1.0.180
133456,4.2_LM_v1.0,amem_no_feedback,amem,no_feedback,order_3,score,succeeded,1.0,1.0,0.0,0.0,7649,7679,17705,1,,,1.0,The response answers all three parts of the question correctly.,unseen_answers,test,4.2_LM_v1.0.180
133317,4.2_LM_v1.0,amem_no_feedback,amem,no_feedback,order_1,score,succeeded,1.0,1.0,0.0,0.0,7787,7819,13799,1,,,1.0,The response correctly answers all three parts of the question.,unseen_answers,test,4.2_LM_v1.0.213
133387,4.2_LM_v1.0,amem_no_feedback,amem,no_feedback,order_2,score,succeeded,1.0,1.0,0.0,0.0,7174,7200,12069,1,,,1.0,The response correctly answers all three parts of the question.,unseen_answers,test,4.2_LM_v1.0.213
133457,4.2_LM_v1.0,amem_no_feedback,amem,no_feedback,order_3,score,succeeded,1.0,1.0,0.0,0.0,7045,7076,15383,1,,,1.0,The response correctly answers all three parts of the question.,unseen_answers,test,4.2_LM_v1.0.213
133319,4.2_LM_v1.0,amem_no_feedback,amem,no_feedback,order_1,score,succeeded,1.0,1.0,0.0,0.0,7733,7769,16683,1,,,1.0,The response answers all three parts of the question correctly.,unseen_answers,test,4.2_LM_v1.0.26
133389,4.2_LM_v1.0,amem_no_feedback,amem,no_feedback,order_2,score,succeeded,1.0,1.0,0.0,0.0,7209,7239,13786,1,,,1.0,The response answers all three parts of the question correctly.,unseen_answers,test,4.2_LM_v1.0.26
133459,4.2_LM_v1.0,amem_no_feedback,amem,no_feedback,order_3,score,succeeded,1.0,1.0,0.0,0.0,7430,7465,15333,1,,,1.0,The response answers all three parts of the question correctly.,unseen_answers,test,4.2_LM_v1.0.26
133318,4.2_LM_v1.0,amem_no_feedback,amem,no_feedback,order_1,score,succeeded,1.0,1.0,0.0,0.0,8597,8631,14105,1,,,1.0,The response is answering all three parts of the question correctly.,unseen_answers,test,4.2_LM_v1.0.298
133388,4.2_LM_v1.0,amem_no_feedback,amem,no_feedback,order_2,score,succeeded,1.0,1.0,0.0,0.0,8013,8050,14462,1,,,1.0,The response is answering all three parts of the question correctly.,unseen_answers,test,4.2_LM_v1.0.298
133458,4.2_LM_v1.0,amem_no_feedback,amem,no_feedback,order_3,score,succeeded,1.0,1.0,0.0,0.0,7942,7970,12168,1,,,1.0,The response is answering all three parts of the question correctly.,unseen_answers,test,4.2_LM_v1.0.298
133311,4.2_LM_v1.0,amem_no_feedback,amem,no_feedback,order_1,score,succeeded,0.75,1.0,-0.25,0.25,7646,7699,21007,1,,,1.0,"The response is correct. However, to substitute carrier extension, frame bursting with frame aggregation has to be used. In this case, frames are directly concatenated without waiting for acknowledgments in between.",unseen_answers,test,4.2_LM_v1.0.332
133381,4.2_LM_v1.0,amem_no_feedback,amem,no_feedback,order_2,score,succeeded,0.85,1.0,-0.15000000000000002,0.15000000000000002,7163,7210,13799,1,,,1.0,"The response is correct. However, to substitute carrier extension, frame bursting with frame aggregation has to be used. In this case, frames are directly concatenated without waiting for acknowledgments in between.",unseen_answers,test,4.2_LM_v1.0.332
133451,4.2_LM_v1.0,amem_no_feedback,amem,no_feedback,order_3,score,succeeded,1.0,1.0,0.0,0.0,6996,7035,14284,1,,,1.0,"The response is correct. However, to substitute carrier extension, frame bursting with frame aggregation has to be used. In this case, frames are directly concatenated without waiting for acknowledgments in between.",unseen_answers,test,4.2_LM_v1.0.332
133314,4.2_LM_v1.0,amem_no_feedback,amem,no_feedback,order_1,score,succeeded,1.0,1.0,0.0,0.0,8263,8295,14256,1,,,1.0,"The response correctly answers all three parts, the frame bursting definition, its advantage and disadvantage.",unseen_answers,test,4.2_LM_v1.0.351
133384,4.2_LM_v1.0,amem_no_feedback,amem,no_feedback,order_2,score,succeeded,1.0,1.0,0.0,0.0,7867,7899,13415,1,,,1.0,"The response correctly answers all three parts, the frame bursting definition, its advantage and disadvantage.",unseen_answers,test,4.2_LM_v1.0.351
133454,4.2_LM_v1.0,amem_no_feedback,amem,no_feedback,order_3,score,succeeded,1.0,1.0,0.0,0.0,7481,7512,12747,1,,,1.0,"The response correctly answers all three parts, the frame bursting definition, its advantage and disadvantage.",unseen_answers,test,4.2_LM_v1.0.351
133313,4.2_LM_v1.0,amem_no_feedback,amem,no_feedback,order_1,score,succeeded,1.0,1.0,0.0,0.0,7461,7487,12936,1,,,1.0,"The response gives a correct definition of frame bursting, its advantage and disadvantage.",unseen_answers,test,4.2_LM_v1.0.359
133383,4.2_LM_v1.0,amem_no_feedback,amem,no_feedback,order_2,score,succeeded,1.0,1.0,0.0,0.0,7019,7046,12861,1,,,1.0,"The response gives a correct definition of frame bursting, its advantage and disadvantage.",unseen_answers,test,4.2_LM_v1.0.359
133453,4.2_LM_v1.0,amem_no_feedback,amem,no_feedback,order_3,score,succeeded,1.0,1.0,0.0,0.0,6798,6829,14540,1,,,1.0,"The response gives a correct definition of frame bursting, its advantage and disadvantage.",unseen_answers,test,4.2_LM_v1.0.359
133315,4.2_LM_v1.0,amem_no_feedback,amem,no_feedback,order_1,score,succeeded,1.0,1.0,0.0,0.0,7663,7698,11987,1,,,1.0,"The response gives a correct definition of frame bursting, including its benefits and drawbacks.",unseen_answers,test,4.2_LM_v1.0.39
133385,4.2_LM_v1.0,amem_no_feedback,amem,no_feedback,order_2,score,succeeded,1.0,1.0,0.0,0.0,7259,7291,13315,1,,,1.0,"The response gives a correct definition of frame bursting, including its benefits and drawbacks.",unseen_answers,test,4.2_LM_v1.0.39
133455,4.2_LM_v1.0,amem_no_feedback,amem,no_feedback,order_3,score,succeeded,1.0,1.0,0.0,0.0,7340,7367,15967,1,,,1.0,"The response gives a correct definition of frame bursting, including its benefits and drawbacks.",unseen_answers,test,4.2_LM_v1.0.39
133272,4.2_LM_v1.0,mem0_full,mem0,full,order_1,score,succeeded,0.78,1.0,-0.21999999999999997,0.21999999999999997,611,659,9701,1,,,1.0,"The response correctly states the definition of frame bursting, including its pros and cons.",unseen_answers,test,4.2_LM_v1.0.108
133342,4.2_LM_v1.0,mem0_full,mem0,full,order_2,score,succeeded,0.75,1.0,-0.25,0.25,586,651,13791,1,,,1.0,"The response correctly states the definition of frame bursting, including its pros and cons.",unseen_answers,test,4.2_LM_v1.0.108
133412,4.2_LM_v1.0,mem0_full,mem0,full,order_3,score,succeeded,0.85,1.0,-0.15000000000000002,0.15000000000000002,612,672,9775,1,,,1.0,"The response correctly states the definition of frame bursting, including its pros and cons.",unseen_answers,test,4.2_LM_v1.0.108
133280,4.2_LM_v1.0,mem0_full,mem0,full,order_1,score,succeeded,0.9,1.0,-0.09999999999999998,0.09999999999999998,477,517,9879,1,,,1.0,"The response answers the correct definition of frame bursting, its advantage and disadvantage.",unseen_answers,test,4.2_LM_v1.0.179
133350,4.2_LM_v1.0,mem0_full,mem0,full,order_2,score,succeeded,0.85,1.0,-0.15000000000000002,0.15000000000000002,449,486,10805,1,,,1.0,"The response answers the correct definition of frame bursting, its advantage and disadvantage.",unseen_answers,test,4.2_LM_v1.0.179
133420,4.2_LM_v1.0,mem0_full,mem0,full,order_3,score,succeeded,0.85,1.0,-0.15000000000000002,0.15000000000000002,475,526,13048,1,,,1.0,"The response answers the correct definition of frame bursting, its advantage and disadvantage.",unseen_answers,test,4.2_LM_v1.0.179
133276,4.2_LM_v1.0,mem0_full,mem0,full,order_1,score,succeeded,0.8,1.0,-0.19999999999999996,0.19999999999999996,513,575,13286,1,,,1.0,The response answers all three parts of the question correctly.,unseen_answers,test,4.2_LM_v1.0.180
133346,4.2_LM_v1.0,mem0_full,mem0,full,order_2,score,succeeded,0.8,1.0,-0.19999999999999996,0.19999999999999996,491,538,13823,1,,,1.0,The response answers all three parts of the question correctly.,unseen_answers,test,4.2_LM_v1.0.180
133416,4.2_LM_v1.0,mem0_full,mem0,full,order_3,score,succeeded,0.9,1.0,-0.09999999999999998,0.09999999999999998,517,562,9940,1,,,1.0,The response answers all three parts of the question correctly.,unseen_answers,test,4.2_LM_v1.0.180
133277,4.2_LM_v1.0,mem0_full,mem0,full,order_1,score,succeeded,0.8,1.0,-0.19999999999999996,0.19999999999999996,487,534,15361,1,,,1.0,The response correctly answers all three parts of the question.,unseen_answers,test,4.2_LM_v1.0.213
133347,4.2_LM_v1.0,mem0_full,mem0,full,order_2,score,succeeded,0.8,1.0,-0.19999999999999996,0.19999999999999996,462,510,10617,1,,,1.0,The response correctly answers all three parts of the question.,unseen_answers,test,4.2_LM_v1.0.213
133417,4.2_LM_v1.0,mem0_full,mem0,full,order_3,score,succeeded,0.8,1.0,-0.19999999999999996,0.19999999999999996,488,533,11333,1,,,1.0,The response correctly answers all three parts of the question.,unseen_answers,test,4.2_LM_v1.0.213
133279,4.2_LM_v1.0,mem0_full,mem0,full,order_1,score,succeeded,0.95,1.0,-0.050000000000000044,0.050000000000000044,475,520,13241,1,,,1.0,The response answers all three parts of the question correctly.,unseen_answers,test,4.2_LM_v1.0.26
133349,4.2_LM_v1.0,mem0_full,mem0,full,order_2,score,succeeded,0.95,1.0,-0.050000000000000044,0.050000000000000044,450,498,16689,1,,,1.0,The response answers all three parts of the question correctly.,unseen_answers,test,4.2_LM_v1.0.26
133419,4.2_LM_v1.0,mem0_full,mem0,full,order_3,score,succeeded,0.9,1.0,-0.09999999999999998,0.09999999999999998,476,525,14591,1,,,1.0,The response answers all three parts of the question correctly.,unseen_answers,test,4.2_LM_v1.0.26
133278,4.2_LM_v1.0,mem0_full,mem0,full,order_1,score,succeeded,0.9,1.0,-0.09999999999999998,0.09999999999999998,507,556,12664,1,,,1.0,The response is answering all three parts of the question correctly.,unseen_answers,test,4.2_LM_v1.0.298
133348,4.2_LM_v1.0,mem0_full,mem0,full,order_2,score,succeeded,0.9,1.0,-0.09999999999999998,0.09999999999999998,482,538,13391,1,,,1.0,The response is answering all three parts of the question correctly.,unseen_answers,test,4.2_LM_v1.0.298
133418,4.2_LM_v1.0,mem0_full,mem0,full,order_3,score,succeeded,0.9,1.0,-0.09999999999999998,0.09999999999999998,508,548,12362,1,,,1.0,The response is answering all three parts of the question correctly.,unseen_answers,test,4.2_LM_v1.0.298
133271,4.2_LM_v1.0,mem0_full,mem0,full,order_1,score,succeeded,0.45,1.0,-0.55,0.55,515,577,10148,1,,,1.0,"The response is correct. However, to substitute carrier extension, frame bursting with frame aggregation has to be used. In this case, frames are directly concatenated without waiting for acknowledgments in between.",unseen_answers,test,4.2_LM_v1.0.332
133341,4.2_LM_v1.0,mem0_full,mem0,full,order_2,score,succeeded,0.8,1.0,-0.19999999999999996,0.19999999999999996,490,543,14652,1,,,1.0,"The response is correct. However, to substitute carrier extension, frame bursting with frame aggregation has to be used. In this case, frames are directly concatenated without waiting for acknowledgments in between.",unseen_answers,test,4.2_LM_v1.0.332
133411,4.2_LM_v1.0,mem0_full,mem0,full,order_3,score,succeeded,0.7,1.0,-0.30000000000000004,0.30000000000000004,516,565,13956,1,,,1.0,"The response is correct. However, to substitute carrier extension, frame bursting with frame aggregation has to be used. In this case, frames are directly concatenated without waiting for acknowledgments in between.",unseen_answers,test,4.2_LM_v1.0.332
133274,4.2_LM_v1.0,mem0_full,mem0,full,order_1,score,succeeded,1.0,1.0,0.0,0.0,494,522,12177,1,,,1.0,"The response correctly answers all three parts, the frame bursting definition, its advantage and disadvantage.",unseen_answers,test,4.2_LM_v1.0.351
133344,4.2_LM_v1.0,mem0_full,mem0,full,order_2,score,succeeded,1.0,1.0,0.0,0.0,469,499,11929,1,,,1.0,"The response correctly answers all three parts, the frame bursting definition, its advantage and disadvantage.",unseen_answers,test,4.2_LM_v1.0.351
133414,4.2_LM_v1.0,mem0_full,mem0,full,order_3,score,succeeded,1.0,1.0,0.0,0.0,495,523,14757,1,,,1.0,"The response correctly answers all three parts, the frame bursting definition, its advantage and disadvantage.",unseen_answers,test,4.2_LM_v1.0.351
133273,4.2_LM_v1.0,mem0_full,mem0,full,order_1,score,succeeded,0.85,1.0,-0.15000000000000002,0.15000000000000002,447,499,11382,1,,,1.0,"The response gives a correct definition of frame bursting, its advantage and disadvantage.",unseen_answers,test,4.2_LM_v1.0.359
133343,4.2_LM_v1.0,mem0_full,mem0,full,order_2,score,succeeded,0.75,1.0,-0.25,0.25,422,476,12765,1,,,1.0,"The response gives a correct definition of frame bursting, its advantage and disadvantage.",unseen_answers,test,4.2_LM_v1.0.359
133413,4.2_LM_v1.0,mem0_full,mem0,full,order_3,score,succeeded,0.8,1.0,-0.19999999999999996,0.19999999999999996,448,497,9574,1,,,1.0,"The response gives a correct definition of frame bursting, its advantage and disadvantage.",unseen_answers,test,4.2_LM_v1.0.359
133275,4.2_LM_v1.0,mem0_full,mem0,full,order_1,score,succeeded,0.9,1.0,-0.09999999999999998,0.09999999999999998,542,590,11815,1,,,1.0,"The response gives a correct definition of frame bursting, including its benefits and drawbacks.",unseen_answers,test,4.2_LM_v1.0.39
133345,4.2_LM_v1.0,mem0_full,mem0,full,order_2,score,succeeded,0.9,1.0,-0.09999999999999998,0.09999999999999998,517,556,11397,1,,,1.0,"The response gives a correct definition of frame bursting, including its benefits and drawbacks.",unseen_answers,test,4.2_LM_v1.0.39
133415,4.2_LM_v1.0,mem0_full,mem0,full,order_3,score,succeeded,1.0,1.0,0.0,0.0,543,573,11910,1,,,1.0,"The response gives a correct definition of frame bursting, including its benefits and drawbacks.",unseen_answers,test,4.2_LM_v1.0.39
133302,4.2_LM_v1.0,mem0_no_feedback,mem0,no_feedback,order_1,score,succeeded,0.8,1.0,-0.19999999999999996,0.19999999999999996,611,658,16167,1,,,1.0,"The response correctly states the definition of frame bursting, including its pros and cons.",unseen_answers,test,4.2_LM_v1.0.108
133372,4.2_LM_v1.0,mem0_no_feedback,mem0,no_feedback,order_2,score,succeeded,0.8,1.0,-0.19999999999999996,0.19999999999999996,587,632,13365,1,,,1.0,"The response correctly states the definition of frame bursting, including its pros and cons.",unseen_answers,test,4.2_LM_v1.0.108
133442,4.2_LM_v1.0,mem0_no_feedback,mem0,no_feedback,order_3,score,succeeded,0.8,1.0,-0.19999999999999996,0.19999999999999996,592,647,11566,1,,,1.0,"The response correctly states the definition of frame bursting, including its pros and cons.",unseen_answers,test,4.2_LM_v1.0.108
133310,4.2_LM_v1.0,mem0_no_feedback,mem0,no_feedback,order_1,score,succeeded,0.9,1.0,-0.09999999999999998,0.09999999999999998,477,525,11814,1,,,1.0,"The response answers the correct definition of frame bursting, its advantage and disadvantage.",unseen_answers,test,4.2_LM_v1.0.179
133380,4.2_LM_v1.0,mem0_no_feedback,mem0,no_feedback,order_2,score,succeeded,0.9,1.0,-0.09999999999999998,0.09999999999999998,456,501,14612,1,,,1.0,"The response answers the correct definition of frame bursting, its advantage and disadvantage.",unseen_answers,test,4.2_LM_v1.0.179
133450,4.2_LM_v1.0,mem0_no_feedback,mem0,no_feedback,order_3,score,succeeded,0.9,1.0,-0.09999999999999998,0.09999999999999998,458,498,11455,1,,,1.0,"The response answers the correct definition of frame bursting, its advantage and disadvantage.",unseen_answers,test,4.2_LM_v1.0.179
133306,4.2_LM_v1.0,mem0_no_feedback,mem0,no_feedback,order_1,score,succeeded,0.9,1.0,-0.09999999999999998,0.09999999999999998,516,558,15089,1,,,1.0,The response answers all three parts of the question correctly.,unseen_answers,test,4.2_LM_v1.0.180
133376,4.2_LM_v1.0,mem0_no_feedback,mem0,no_feedback,order_2,score,succeeded,0.85,1.0,-0.15000000000000002,0.15000000000000002,495,541,13392,1,,,1.0,The response answers all three parts of the question correctly.,unseen_answers,test,4.2_LM_v1.0.180
133446,4.2_LM_v1.0,mem0_no_feedback,mem0,no_feedback,order_3,score,succeeded,0.9,1.0,-0.09999999999999998,0.09999999999999998,497,539,17184,1,,,1.0,The response answers all three parts of the question correctly.,unseen_answers,test,4.2_LM_v1.0.180
133307,4.2_LM_v1.0,mem0_no_feedback,mem0,no_feedback,order_1,score,succeeded,0.8,1.0,-0.19999999999999996,0.19999999999999996,487,529,17087,1,,,1.0,The response correctly answers all three parts of the question.,unseen_answers,test,4.2_LM_v1.0.213
133377,4.2_LM_v1.0,mem0_no_feedback,mem0,no_feedback,order_2,score,succeeded,0.9,1.0,-0.09999999999999998,0.09999999999999998,466,506,18984,1,,,1.0,The response correctly answers all three parts of the question.,unseen_answers,test,4.2_LM_v1.0.213
133447,4.2_LM_v1.0,mem0_no_feedback,mem0,no_feedback,order_3,score,succeeded,0.7,1.0,-0.30000000000000004,0.30000000000000004,468,516,14787,1,,,1.0,The response correctly answers all three parts of the question.,unseen_answers,test,4.2_LM_v1.0.213
133309,4.2_LM_v1.0,mem0_no_feedback,mem0,no_feedback,order_1,score,succeeded,0.9,1.0,-0.09999999999999998,0.09999999999999998,475,527,15922,1,,,1.0,The response answers all three parts of the question correctly.,unseen_answers,test,4.2_LM_v1.0.26
133379,4.2_LM_v1.0,mem0_no_feedback,mem0,no_feedback,order_2,score,succeeded,1.0,1.0,0.0,0.0,454,489,11248,1,,,1.0,The response answers all three parts of the question correctly.,unseen_answers,test,4.2_LM_v1.0.26
133449,4.2_LM_v1.0,mem0_no_feedback,mem0,no_feedback,order_3,score,succeeded,0.9,1.0,-0.09999999999999998,0.09999999999999998,456,502,14972,1,,,1.0,The response answers all three parts of the question correctly.,unseen_answers,test,4.2_LM_v1.0.26
133308,4.2_LM_v1.0,mem0_no_feedback,mem0,no_feedback,order_1,score,succeeded,0.8,1.0,-0.19999999999999996,0.19999999999999996,507,547,16530,1,,,1.0,The response is answering all three parts of the question correctly.,unseen_answers,test,4.2_LM_v1.0.298
133378,4.2_LM_v1.0,mem0_no_feedback,mem0,no_feedback,order_2,score,succeeded,0.85,1.0,-0.15000000000000002,0.15000000000000002,486,529,13286,1,,,1.0,The response is answering all three parts of the question correctly.,unseen_answers,test,4.2_LM_v1.0.298
133448,4.2_LM_v1.0,mem0_no_feedback,mem0,no_feedback,order_3,score,succeeded,0.85,1.0,-0.15000000000000002,0.15000000000000002,488,532,16896,1,,,1.0,The response is answering all three parts of the question correctly.,unseen_answers,test,4.2_LM_v1.0.298
133301,4.2_LM_v1.0,mem0_no_feedback,mem0,no_feedback,order_1,score,succeeded,0.75,1.0,-0.25,0.25,515,567,16887,1,,,1.0,"The response is correct. However, to substitute carrier extension, frame bursting with frame aggregation has to be used. In this case, frames are directly concatenated without waiting for acknowledgments in between.",unseen_answers,test,4.2_LM_v1.0.332
133371,4.2_LM_v1.0,mem0_no_feedback,mem0,no_feedback,order_2,score,succeeded,0.8,1.0,-0.19999999999999996,0.19999999999999996,494,539,13066,1,,,1.0,"The response is correct. However, to substitute carrier extension, frame bursting with frame aggregation has to be used. In this case, frames are directly concatenated without waiting for acknowledgments in between.",unseen_answers,test,4.2_LM_v1.0.332
133441,4.2_LM_v1.0,mem0_no_feedback,mem0,no_feedback,order_3,score,succeeded,0.7,1.0,-0.30000000000000004,0.30000000000000004,496,555,18961,1,,,1.0,"The response is correct. However, to substitute carrier extension, frame bursting with frame aggregation has to be used. In this case, frames are directly concatenated without waiting for acknowledgments in between.",unseen_answers,test,4.2_LM_v1.0.332
133304,4.2_LM_v1.0,mem0_no_feedback,mem0,no_feedback,order_1,score,succeeded,1.0,1.0,0.0,0.0,494,524,13021,1,,,1.0,"The response correctly answers all three parts, the frame bursting definition, its advantage and disadvantage.",unseen_answers,test,4.2_LM_v1.0.351
133374,4.2_LM_v1.0,mem0_no_feedback,mem0,no_feedback,order_2,score,succeeded,1.0,1.0,0.0,0.0,473,502,14296,1,,,1.0,"The response correctly answers all three parts, the frame bursting definition, its advantage and disadvantage.",unseen_answers,test,4.2_LM_v1.0.351
133444,4.2_LM_v1.0,mem0_no_feedback,mem0,no_feedback,order_3,score,succeeded,1.0,1.0,0.0,0.0,475,505,11644,1,,,1.0,"The response correctly answers all three parts, the frame bursting definition, its advantage and disadvantage.",unseen_answers,test,4.2_LM_v1.0.351
133303,4.2_LM_v1.0,mem0_no_feedback,mem0,no_feedback,order_1,score,succeeded,0.8,1.0,-0.19999999999999996,0.19999999999999996,447,495,16197,1,,,1.0,"The response gives a correct definition of frame bursting, its advantage and disadvantage.",unseen_answers,test,4.2_LM_v1.0.359
133373,4.2_LM_v1.0,mem0_no_feedback,mem0,no_feedback,order_2,score,succeeded,0.8,1.0,-0.19999999999999996,0.19999999999999996,426,472,17817,1,,,1.0,"The response gives a correct definition of frame bursting, its advantage and disadvantage.",unseen_answers,test,4.2_LM_v1.0.359
133443,4.2_LM_v1.0,mem0_no_feedback,mem0,no_feedback,order_3,score,succeeded,0.8,1.0,-0.19999999999999996,0.19999999999999996,428,479,16386,1,,,1.0,"The response gives a correct definition of frame bursting, its advantage and disadvantage.",unseen_answers,test,4.2_LM_v1.0.359
133305,4.2_LM_v1.0,mem0_no_feedback,mem0,no_feedback,order_1,score,succeeded,0.9,1.0,-0.09999999999999998,0.09999999999999998,542,589,14218,1,,,1.0,"The response gives a correct definition of frame bursting, including its benefits and drawbacks.",unseen_answers,test,4.2_LM_v1.0.39
133375,4.2_LM_v1.0,mem0_no_feedback,mem0,no_feedback,order_2,score,succeeded,0.9,1.0,-0.09999999999999998,0.09999999999999998,521,566,14356,1,,,1.0,"The response gives a correct definition of frame bursting, including its benefits and drawbacks.",unseen_answers,test,4.2_LM_v1.0.39
133445,4.2_LM_v1.0,mem0_no_feedback,mem0,no_feedback,order_3,score,succeeded,0.9,1.0,-0.09999999999999998,0.09999999999999998,523,574,15814,1,,,1.0,"The response gives a correct definition of frame bursting, including its benefits and drawbacks.",unseen_answers,test,4.2_LM_v1.0.39
133252,4.2_LM_v1.0,no_memory,none,none,order_1,score,succeeded,0.8,1.0,-0.19999999999999996,0.19999999999999996,325,376,10565,1,,,1.0,"The response correctly states the definition of frame bursting, including its pros and cons.",unseen_answers,test,4.2_LM_v1.0.108
133322,4.2_LM_v1.0,no_memory,none,none,order_2,score,succeeded,0.85,1.0,-0.15000000000000002,0.15000000000000002,325,383,11370,1,,,1.0,"The response correctly states the definition of frame bursting, including its pros and cons.",unseen_answers,test,4.2_LM_v1.0.108
133392,4.2_LM_v1.0,no_memory,none,none,order_3,score,succeeded,0.85,1.0,-0.15000000000000002,0.15000000000000002,325,391,11413,1,,,1.0,"The response correctly states the definition of frame bursting, including its pros and cons.",unseen_answers,test,4.2_LM_v1.0.108
133260,4.2_LM_v1.0,no_memory,none,none,order_1,score,succeeded,1.0,1.0,0.0,0.0,191,216,10364,1,,,1.0,"The response answers the correct definition of frame bursting, its advantage and disadvantage.",unseen_answers,test,4.2_LM_v1.0.179
133330,4.2_LM_v1.0,no_memory,none,none,order_2,score,succeeded,0.9,1.0,-0.09999999999999998,0.09999999999999998,191,232,10999,1,,,1.0,"The response answers the correct definition of frame bursting, its advantage and disadvantage.",unseen_answers,test,4.2_LM_v1.0.179
133400,4.2_LM_v1.0,no_memory,none,none,order_3,score,succeeded,1.0,1.0,0.0,0.0,191,223,10332,1,,,1.0,"The response answers the correct definition of frame bursting, its advantage and disadvantage.",unseen_answers,test,4.2_LM_v1.0.179
133256,4.2_LM_v1.0,no_memory,none,none,order_1,score,succeeded,1.0,1.0,0.0,0.0,230,256,8344,1,,,1.0,The response answers all three parts of the question correctly.,unseen_answers,test,4.2_LM_v1.0.180
133326,4.2_LM_v1.0,no_memory,none,none,order_2,score,succeeded,1.0,1.0,0.0,0.0,230,256,11234,1,,,1.0,The response answers all three parts of the question correctly.,unseen_answers,test,4.2_LM_v1.0.180
133396,4.2_LM_v1.0,no_memory,none,none,order_3,score,succeeded,1.0,1.0,0.0,0.0,230,271,11577,1,,,1.0,The response answers all three parts of the question correctly.,unseen_answers,test,4.2_LM_v1.0.180
133257,4.2_LM_v1.0,no_memory,none,none,order_1,score,succeeded,0.8,1.0,-0.19999999999999996,0.19999999999999996,201,255,11699,1,,,1.0,The response correctly answers all three parts of the question.,unseen_answers,test,4.2_LM_v1.0.213
133327,4.2_LM_v1.0,no_memory,none,none,order_2,score,succeeded,0.8,1.0,-0.19999999999999996,0.19999999999999996,201,246,11462,1,,,1.0,The response correctly answers all three parts of the question.,unseen_answers,test,4.2_LM_v1.0.213
133397,4.2_LM_v1.0,no_memory,none,none,order_3,score,succeeded,0.9,1.0,-0.09999999999999998,0.09999999999999998,201,247,9256,1,,,1.0,The response correctly answers all three parts of the question.,unseen_answers,test,4.2_LM_v1.0.213
133259,4.2_LM_v1.0,no_memory,none,none,order_1,score,succeeded,0.9,1.0,-0.09999999999999998,0.09999999999999998,189,232,10601,1,,,1.0,The response answers all three parts of the question correctly.,unseen_answers,test,4.2_LM_v1.0.26
133329,4.2_LM_v1.0,no_memory,none,none,order_2,score,succeeded,1.0,1.0,0.0,0.0,189,218,11299,1,,,1.0,The response answers all three parts of the question correctly.,unseen_answers,test,4.2_LM_v1.0.26
133399,4.2_LM_v1.0,no_memory,none,none,order_3,score,succeeded,1.0,1.0,0.0,0.0,189,227,11024,1,,,1.0,The response answers all three parts of the question correctly.,unseen_answers,test,4.2_LM_v1.0.26
133258,4.2_LM_v1.0,no_memory,none,none,order_1,score,succeeded,0.9,1.0,-0.09999999999999998,0.09999999999999998,221,268,11088,1,,,1.0,The response is answering all three parts of the question correctly.,unseen_answers,test,4.2_LM_v1.0.298
133328,4.2_LM_v1.0,no_memory,none,none,order_2,score,succeeded,1.0,1.0,0.0,0.0,221,254,14389,1,,,1.0,The response is answering all three parts of the question correctly.,unseen_answers,test,4.2_LM_v1.0.298
133398,4.2_LM_v1.0,no_memory,none,none,order_3,score,succeeded,1.0,1.0,0.0,0.0,221,272,12463,1,,,1.0,The response is answering all three parts of the question correctly.,unseen_answers,test,4.2_LM_v1.0.298
133251,4.2_LM_v1.0,no_memory,none,none,order_1,score,succeeded,0.75,1.0,-0.25,0.25,229,290,10313,1,,,1.0,"The response is correct. However, to substitute carrier extension, frame bursting with frame aggregation has to be used. In this case, frames are directly concatenated without waiting for acknowledgments in between.",unseen_answers,test,4.2_LM_v1.0.332
133321,4.2_LM_v1.0,no_memory,none,none,order_2,score,succeeded,0.8,1.0,-0.19999999999999996,0.19999999999999996,229,292,13050,1,,,1.0,"The response is correct. However, to substitute carrier extension, frame bursting with frame aggregation has to be used. In this case, frames are directly concatenated without waiting for acknowledgments in between.",unseen_answers,test,4.2_LM_v1.0.332
133391,4.2_LM_v1.0,no_memory,none,none,order_3,score,succeeded,0.75,1.0,-0.25,0.25,229,280,14133,1,,,1.0,"The response is correct. However, to substitute carrier extension, frame bursting with frame aggregation has to be used. In this case, frames are directly concatenated without waiting for acknowledgments in between.",unseen_answers,test,4.2_LM_v1.0.332
133254,4.2_LM_v1.0,no_memory,none,none,order_1,score,succeeded,1.0,1.0,0.0,0.0,208,234,10593,1,,,1.0,"The response correctly answers all three parts, the frame bursting definition, its advantage and disadvantage.",unseen_answers,test,4.2_LM_v1.0.351
133324,4.2_LM_v1.0,no_memory,none,none,order_2,score,succeeded,1.0,1.0,0.0,0.0,208,234,8167,1,,,1.0,"The response correctly answers all three parts, the frame bursting definition, its advantage and disadvantage.",unseen_answers,test,4.2_LM_v1.0.351
133394,4.2_LM_v1.0,no_memory,none,none,order_3,score,succeeded,1.0,1.0,0.0,0.0,208,234,9079,1,,,1.0,"The response correctly answers all three parts, the frame bursting definition, its advantage and disadvantage.",unseen_answers,test,4.2_LM_v1.0.351
133253,4.2_LM_v1.0,no_memory,none,none,order_1,score,succeeded,0.9,1.0,-0.09999999999999998,0.09999999999999998,161,208,9652,1,,,1.0,"The response gives a correct definition of frame bursting, its advantage and disadvantage.",unseen_answers,test,4.2_LM_v1.0.359
133323,4.2_LM_v1.0,no_memory,none,none,order_2,score,succeeded,0.9,1.0,-0.09999999999999998,0.09999999999999998,161,201,10864,1,,,1.0,"The response gives a correct definition of frame bursting, its advantage and disadvantage.",unseen_answers,test,4.2_LM_v1.0.359
133393,4.2_LM_v1.0,no_memory,none,none,order_3,score,succeeded,0.8,1.0,-0.19999999999999996,0.19999999999999996,161,210,9626,1,,,1.0,"The response gives a correct definition of frame bursting, its advantage and disadvantage.",unseen_answers,test,4.2_LM_v1.0.359
133255,4.2_LM_v1.0,no_memory,none,none,order_1,score,succeeded,1.0,1.0,0.0,0.0,256,286,9973,1,,,1.0,"The response gives a correct definition of frame bursting, including its benefits and drawbacks.",unseen_answers,test,4.2_LM_v1.0.39
133325,4.2_LM_v1.0,no_memory,none,none,order_2,score,succeeded,0.95,1.0,-0.050000000000000044,0.050000000000000044,256,286,9597,1,,,1.0,"The response gives a correct definition of frame bursting, including its benefits and drawbacks.",unseen_answers,test,4.2_LM_v1.0.39
133395,4.2_LM_v1.0,no_memory,none,none,order_3,score,succeeded,1.0,1.0,0.0,0.0,256,286,9706,1,,,1.0,"The response gives a correct definition of frame bursting, including its benefits and drawbacks.",unseen_answers,test,4.2_LM_v1.0.39
133262,4.2_LM_v1.0,retrieval_full,retrieval,full,order_1,score,succeeded,1.0,1.0,0.0,0.0,4386,4431,11500,1,,,1.0,"The response correctly states the definition of frame bursting, including its pros and cons.",unseen_answers,test,4.2_LM_v1.0.108
133332,4.2_LM_v1.0,retrieval_full,retrieval,full,order_2,score,succeeded,1.0,1.0,0.0,0.0,4386,4415,8629,1,,,1.0,"The response correctly states the definition of frame bursting, including its pros and cons.",unseen_answers,test,4.2_LM_v1.0.108
133402,4.2_LM_v1.0,retrieval_full,retrieval,full,order_3,score,succeeded,1.0,1.0,0.0,0.0,4386,4421,12091,1,,,1.0,"The response correctly states the definition of frame bursting, including its pros and cons.",unseen_answers,test,4.2_LM_v1.0.108
133270,4.2_LM_v1.0,retrieval_full,retrieval,full,order_1,score,succeeded,1.0,1.0,0.0,0.0,3751,3778,10356,1,,,1.0,"The response answers the correct definition of frame bursting, its advantage and disadvantage.",unseen_answers,test,4.2_LM_v1.0.179
133340,4.2_LM_v1.0,retrieval_full,retrieval,full,order_2,score,succeeded,1.0,1.0,0.0,0.0,3751,3782,10211,1,,,1.0,"The response answers the correct definition of frame bursting, its advantage and disadvantage.",unseen_answers,test,4.2_LM_v1.0.179
133410,4.2_LM_v1.0,retrieval_full,retrieval,full,order_3,score,succeeded,1.0,1.0,0.0,0.0,3751,3782,9262,1,,,1.0,"The response answers the correct definition of frame bursting, its advantage and disadvantage.",unseen_answers,test,4.2_LM_v1.0.179
133266,4.2_LM_v1.0,retrieval_full,retrieval,full,order_1,score,succeeded,1.0,1.0,0.0,0.0,4216,4249,12941,1,,,1.0,The response answers all three parts of the question correctly.,unseen_answers,test,4.2_LM_v1.0.180
133336,4.2_LM_v1.0,retrieval_full,retrieval,full,order_2,score,succeeded,1.0,1.0,0.0,0.0,4216,4249,12008,1,,,1.0,The response answers all three parts of the question correctly.,unseen_answers,test,4.2_LM_v1.0.180
133406,4.2_LM_v1.0,retrieval_full,retrieval,full,order_3,score,succeeded,1.0,1.0,0.0,0.0,4216,4242,8927,1,,,1.0,The response answers all three parts of the question correctly.,unseen_answers,test,4.2_LM_v1.0.180
133267,4.2_LM_v1.0,retrieval_full,retrieval,full,order_1,score,succeeded,1.0,1.0,0.0,0.0,3794,3828,8726,1,,,1.0,The response correctly answers all three parts of the question.,unseen_answers,test,4.2_LM_v1.0.213
133337,4.2_LM_v1.0,retrieval_full,retrieval,full,order_2,score,succeeded,1.0,1.0,0.0,0.0,3794,3825,10053,1,,,1.0,The response correctly answers all three parts of the question.,unseen_answers,test,4.2_LM_v1.0.213
133407,4.2_LM_v1.0,retrieval_full,retrieval,full,order_3,score,succeeded,1.0,1.0,0.0,0.0,3794,3828,8962,1,,,1.0,The response correctly answers all three parts of the question.,unseen_answers,test,4.2_LM_v1.0.213
133269,4.2_LM_v1.0,retrieval_full,retrieval,full,order_1,score,succeeded,1.0,1.0,0.0,0.0,3960,3990,9195,1,,,1.0,The response answers all three parts of the question correctly.,unseen_answers,test,4.2_LM_v1.0.26
133339,4.2_LM_v1.0,retrieval_full,retrieval,full,order_2,score,succeeded,1.0,1.0,0.0,0.0,3960,3990,9556,1,,,1.0,The response answers all three parts of the question correctly.,unseen_answers,test,4.2_LM_v1.0.26
133409,4.2_LM_v1.0,retrieval_full,retrieval,full,order_3,score,succeeded,1.0,1.0,0.0,0.0,3960,3990,13543,1,,,1.0,The response answers all three parts of the question correctly.,unseen_answers,test,4.2_LM_v1.0.26
133268,4.2_LM_v1.0,retrieval_full,retrieval,full,order_1,score,succeeded,1.0,1.0,0.0,0.0,4406,4437,9599,1,,,1.0,The response is answering all three parts of the question correctly.,unseen_answers,test,4.2_LM_v1.0.298
133338,4.2_LM_v1.0,retrieval_full,retrieval,full,order_2,score,succeeded,1.0,1.0,0.0,0.0,4406,4436,10338,1,,,1.0,The response is answering all three parts of the question correctly.,unseen_answers,test,4.2_LM_v1.0.298
133408,4.2_LM_v1.0,retrieval_full,retrieval,full,order_3,score,succeeded,1.0,1.0,0.0,0.0,4406,4439,8933,1,,,1.0,The response is answering all three parts of the question correctly.,unseen_answers,test,4.2_LM_v1.0.298
133261,4.2_LM_v1.0,retrieval_full,retrieval,full,order_1,score,succeeded,1.0,1.0,0.0,0.0,3842,3876,13195,1,,,1.0,"The response is correct. However, to substitute carrier extension, frame bursting with frame aggregation has to be used. In this case, frames are directly concatenated without waiting for acknowledgments in between.",unseen_answers,test,4.2_LM_v1.0.332
133331,4.2_LM_v1.0,retrieval_full,retrieval,full,order_2,score,succeeded,1.0,1.0,0.0,0.0,3842,3874,10364,1,,,1.0,"The response is correct. However, to substitute carrier extension, frame bursting with frame aggregation has to be used. In this case, frames are directly concatenated without waiting for acknowledgments in between.",unseen_answers,test,4.2_LM_v1.0.332
133401,4.2_LM_v1.0,retrieval_full,retrieval,full,order_3,score,succeeded,1.0,1.0,0.0,0.0,3842,3887,10254,1,,,1.0,"The response is correct. However, to substitute carrier extension, frame bursting with frame aggregation has to be used. In this case, frames are directly concatenated without waiting for acknowledgments in between.",unseen_answers,test,4.2_LM_v1.0.332
133264,4.2_LM_v1.0,retrieval_full,retrieval,full,order_1,score,succeeded,1.0,1.0,0.0,0.0,4239,4265,9691,1,,,1.0,"The response correctly answers all three parts, the frame bursting definition, its advantage and disadvantage.",unseen_answers,test,4.2_LM_v1.0.351
133334,4.2_LM_v1.0,retrieval_full,retrieval,full,order_2,score,succeeded,1.0,1.0,0.0,0.0,4239,4271,9432,1,,,1.0,"The response correctly answers all three parts, the frame bursting definition, its advantage and disadvantage.",unseen_answers,test,4.2_LM_v1.0.351
133404,4.2_LM_v1.0,retrieval_full,retrieval,full,order_3,score,succeeded,1.0,1.0,0.0,0.0,4239,4268,10518,1,,,1.0,"The response correctly answers all three parts, the frame bursting definition, its advantage and disadvantage.",unseen_answers,test,4.2_LM_v1.0.351
133263,4.2_LM_v1.0,retrieval_full,retrieval,full,order_1,score,succeeded,1.0,1.0,0.0,0.0,3597,3623,8493,1,,,1.0,"The response gives a correct definition of frame bursting, its advantage and disadvantage.",unseen_answers,test,4.2_LM_v1.0.359
133333,4.2_LM_v1.0,retrieval_full,retrieval,full,order_2,score,succeeded,1.0,1.0,0.0,0.0,3597,3623,9223,1,,,1.0,"The response gives a correct definition of frame bursting, its advantage and disadvantage.",unseen_answers,test,4.2_LM_v1.0.359
133403,4.2_LM_v1.0,retrieval_full,retrieval,full,order_3,score,succeeded,1.0,1.0,0.0,0.0,3597,3629,13866,1,,,1.0,"The response gives a correct definition of frame bursting, its advantage and disadvantage.",unseen_answers,test,4.2_LM_v1.0.359
133265,4.2_LM_v1.0,retrieval_full,retrieval,full,order_1,score,succeeded,1.0,1.0,0.0,0.0,4144,4176,11571,1,,,1.0,"The response gives a correct definition of frame bursting, including its benefits and drawbacks.",unseen_answers,test,4.2_LM_v1.0.39
133335,4.2_LM_v1.0,retrieval_full,retrieval,full,order_2,score,succeeded,1.0,1.0,0.0,0.0,4144,4176,8619,1,,,1.0,"The response gives a correct definition of frame bursting, including its benefits and drawbacks.",unseen_answers,test,4.2_LM_v1.0.39
133405,4.2_LM_v1.0,retrieval_full,retrieval,full,order_3,score,succeeded,1.0,1.0,0.0,0.0,4144,4176,11730,1,,,1.0,"The response gives a correct definition of frame bursting, including its benefits and drawbacks.",unseen_answers,test,4.2_LM_v1.0.39
133292,4.2_LM_v1.0,retrieval_no_feedback,retrieval,no_feedback,order_1,score,succeeded,1.0,1.0,0.0,0.0,3873,3904,11865,1,,,1.0,"The response correctly states the definition of frame bursting, including its pros and cons.",unseen_answers,test,4.2_LM_v1.0.108
133362,4.2_LM_v1.0,retrieval_no_feedback,retrieval,no_feedback,order_2,score,succeeded,1.0,1.0,0.0,0.0,3873,3910,13728,1,,,1.0,"The response correctly states the definition of frame bursting, including its pros and cons.",unseen_answers,test,4.2_LM_v1.0.108
133432,4.2_LM_v1.0,retrieval_no_feedback,retrieval,no_feedback,order_3,score,succeeded,1.0,1.0,0.0,0.0,3873,3914,24007,1,,,1.0,"The response correctly states the definition of frame bursting, including its pros and cons.",unseen_answers,test,4.2_LM_v1.0.108
133300,4.2_LM_v1.0,retrieval_no_feedback,retrieval,no_feedback,order_1,score,succeeded,1.0,1.0,0.0,0.0,3313,3344,11250,1,,,1.0,"The response answers the correct definition of frame bursting, its advantage and disadvantage.",unseen_answers,test,4.2_LM_v1.0.179
133370,4.2_LM_v1.0,retrieval_no_feedback,retrieval,no_feedback,order_2,score,succeeded,1.0,1.0,0.0,0.0,3313,3340,14511,1,,,1.0,"The response answers the correct definition of frame bursting, its advantage and disadvantage.",unseen_answers,test,4.2_LM_v1.0.179
133440,4.2_LM_v1.0,retrieval_no_feedback,retrieval,no_feedback,order_3,score,succeeded,1.0,1.0,0.0,0.0,3313,3339,13869,1,,,1.0,"The response answers the correct definition of frame bursting, its advantage and disadvantage.",unseen_answers,test,4.2_LM_v1.0.179
133296,4.2_LM_v1.0,retrieval_no_feedback,retrieval,no_feedback,order_1,score,succeeded,1.0,1.0,0.0,0.0,3780,3808,16279,1,,,1.0,The response answers all three parts of the question correctly.,unseen_answers,test,4.2_LM_v1.0.180
133366,4.2_LM_v1.0,retrieval_no_feedback,retrieval,no_feedback,order_2,score,succeeded,1.0,1.0,0.0,0.0,3780,3810,12575,1,,,1.0,The response answers all three parts of the question correctly.,unseen_answers,test,4.2_LM_v1.0.180
133436,4.2_LM_v1.0,retrieval_no_feedback,retrieval,no_feedback,order_3,score,succeeded,1.0,1.0,0.0,0.0,3780,3811,15446,1,,,1.0,The response answers all three parts of the question correctly.,unseen_answers,test,4.2_LM_v1.0.180
133297,4.2_LM_v1.0,retrieval_no_feedback,retrieval,no_feedback,order_1,score,succeeded,1.0,1.0,0.0,0.0,3316,3351,11314,1,,,1.0,The response correctly answers all three parts of the question.,unseen_answers,test,4.2_LM_v1.0.213
133367,4.2_LM_v1.0,retrieval_no_feedback,retrieval,no_feedback,order_2,score,succeeded,1.0,1.0,0.0,0.0,3316,3349,10649,1,,,1.0,The response correctly answers all three parts of the question.,unseen_answers,test,4.2_LM_v1.0.213
133437,4.2_LM_v1.0,retrieval_no_feedback,retrieval,no_feedback,order_3,score,succeeded,1.0,1.0,0.0,0.0,3316,3349,12194,1,,,1.0,The response correctly answers all three parts of the question.,unseen_answers,test,4.2_LM_v1.0.213
133299,4.2_LM_v1.0,retrieval_no_feedback,retrieval,no_feedback,order_1,score,succeeded,1.0,1.0,0.0,0.0,3533,3571,11841,1,,,1.0,The response answers all three parts of the question correctly.,unseen_answers,test,4.2_LM_v1.0.26
133369,4.2_LM_v1.0,retrieval_no_feedback,retrieval,no_feedback,order_2,score,succeeded,1.0,1.0,0.0,0.0,3533,3564,11461,1,,,1.0,The response answers all three parts of the question correctly.,unseen_answers,test,4.2_LM_v1.0.26
133439,4.2_LM_v1.0,retrieval_no_feedback,retrieval,no_feedback,order_3,score,succeeded,1.0,1.0,0.0,0.0,3533,3567,12130,1,,,1.0,The response answers all three parts of the question correctly.,unseen_answers,test,4.2_LM_v1.0.26
133298,4.2_LM_v1.0,retrieval_no_feedback,retrieval,no_feedback,order_1,score,succeeded,1.0,1.0,0.0,0.0,3974,4004,12794,1,,,1.0,The response is answering all three parts of the question correctly.,unseen_answers,test,4.2_LM_v1.0.298
133368,4.2_LM_v1.0,retrieval_no_feedback,retrieval,no_feedback,order_2,score,succeeded,1.0,1.0,0.0,0.0,3974,4004,14869,1,,,1.0,The response is answering all three parts of the question correctly.,unseen_answers,test,4.2_LM_v1.0.298
133438,4.2_LM_v1.0,retrieval_no_feedback,retrieval,no_feedback,order_3,score,succeeded,1.0,1.0,0.0,0.0,3974,4005,12216,1,,,1.0,The response is answering all three parts of the question correctly.,unseen_answers,test,4.2_LM_v1.0.298
133291,4.2_LM_v1.0,retrieval_no_feedback,retrieval,no_feedback,order_1,score,succeeded,1.0,1.0,0.0,0.0,3310,3357,26551,1,,,1.0,"The response is correct. However, to substitute carrier extension, frame bursting with frame aggregation has to be used. In this case, frames are directly concatenated without waiting for acknowledgments in between.",unseen_answers,test,4.2_LM_v1.0.332
133361,4.2_LM_v1.0,retrieval_no_feedback,retrieval,no_feedback,order_2,score,succeeded,0.75,1.0,-0.25,0.25,3310,3368,14788,1,,,1.0,"The response is correct. However, to substitute carrier extension, frame bursting with frame aggregation has to be used. In this case, frames are directly concatenated without waiting for acknowledgments in between.",unseen_answers,test,4.2_LM_v1.0.332
133431,4.2_LM_v1.0,retrieval_no_feedback,retrieval,no_feedback,order_3,score,succeeded,1.0,1.0,0.0,0.0,3310,3345,16916,1,,,1.0,"The response is correct. However, to substitute carrier extension, frame bursting with frame aggregation has to be used. In this case, frames are directly concatenated without waiting for acknowledgments in between.",unseen_answers,test,4.2_LM_v1.0.332
133294,4.2_LM_v1.0,retrieval_no_feedback,retrieval,no_feedback,order_1,score,succeeded,1.0,1.0,0.0,0.0,3766,3796,18215,1,,,1.0,"The response correctly answers all three parts, the frame bursting definition, its advantage and disadvantage.",unseen_answers,test,4.2_LM_v1.0.351
133364,4.2_LM_v1.0,retrieval_no_feedback,retrieval,no_feedback,order_2,score,succeeded,1.0,1.0,0.0,0.0,3766,3797,12826,1,,,1.0,"The response correctly answers all three parts, the frame bursting definition, its advantage and disadvantage.",unseen_answers,test,4.2_LM_v1.0.351
133434,4.2_LM_v1.0,retrieval_no_feedback,retrieval,no_feedback,order_3,score,succeeded,1.0,1.0,0.0,0.0,3766,3798,10812,1,,,1.0,"The response correctly answers all three parts, the frame bursting definition, its advantage and disadvantage.",unseen_answers,test,4.2_LM_v1.0.351
133293,4.2_LM_v1.0,retrieval_no_feedback,retrieval,no_feedback,order_1,score,succeeded,1.0,1.0,0.0,0.0,3180,3202,17454,1,,,1.0,"The response gives a correct definition of frame bursting, its advantage and disadvantage.",unseen_answers,test,4.2_LM_v1.0.359
133363,4.2_LM_v1.0,retrieval_no_feedback,retrieval,no_feedback,order_2,score,succeeded,1.0,1.0,0.0,0.0,3180,3206,12345,1,,,1.0,"The response gives a correct definition of frame bursting, its advantage and disadvantage.",unseen_answers,test,4.2_LM_v1.0.359
133433,4.2_LM_v1.0,retrieval_no_feedback,retrieval,no_feedback,order_3,score,succeeded,1.0,1.0,0.0,0.0,3180,3207,16202,1,,,1.0,"The response gives a correct definition of frame bursting, its advantage and disadvantage.",unseen_answers,test,4.2_LM_v1.0.359
133295,4.2_LM_v1.0,retrieval_no_feedback,retrieval,no_feedback,order_1,score,succeeded,1.0,1.0,0.0,0.0,3502,3532,15206,1,,,1.0,"The response gives a correct definition of frame bursting, including its benefits and drawbacks.",unseen_answers,test,4.2_LM_v1.0.39
133365,4.2_LM_v1.0,retrieval_no_feedback,retrieval,no_feedback,order_2,score,succeeded,1.0,1.0,0.0,0.0,3502,3532,10975,1,,,1.0,"The response gives a correct definition of frame bursting, including its benefits and drawbacks.",unseen_answers,test,4.2_LM_v1.0.39
133435,4.2_LM_v1.0,retrieval_no_feedback,retrieval,no_feedback,order_3,score,succeeded,1.0,1.0,0.0,0.0,3502,3532,11686,1,,,1.0,"The response gives a correct definition of frame bursting, including its benefits and drawbacks.",unseen_answers,test,4.2_LM_v1.0.39
