answer_id,source_split
1.6.1015,train
1.6.1025,train
1.6.1027,validation
1.6.1085,train
1.6.1097,train
1.6.1118,train
1.6.1128,train
1.6.1134,train
1.6.1167,train
1.6.1170,train
1.6.1175,train
1.6.1188,train
1.6.1206,train
1.6.1224,validation
1.6.123,train
1.6.1232,train
1.6.1243,validation
1.6.1247,train
1.6.1277,train
1.6.1282,validation
1.6.1284,train
1.6.1298,validation
1.6.1321,train
1.6.1332,train
1.6.1442,train
1.6.1450,train
1.6.1494,train
1.6.1512,train
1.6.1545,train
1.6.1566,train
1.6.158,train
1.6.159,train
1.6.1597,train
1.6.1598,train
1.6.1599,train
1.6.1603,train
1.6.1610,train
1.6.1617,train
1.6.1636,train
1.6.1649,train
1.6.1656,train
1.6.1662,train
1.6.1671,validation
1.6.1721,train
1.6.1731,train
1.6.1744,train
1.6.1746,train
1.6.1761,validation
1.6.1763,validation
1.6.1774,train
1.6.1791,validation
1.6.1827,train
1.6.1841,validation
1.6.1850,validation
1.6.1854,train
1.6.1861,train
1.6.1870,train
1.6.1878,train
1.6.1889,validation
1.6.1906,train
1.6.1908,train
1.6.1919,validation
1.6.1929,validation
1.6.193,validation
1.6.1933,train
1.6.1937,train
1.6.1960,train
1.6.1995,train
1.6.2016,validation
1.6.203,validation
1.6.2071,train
1.6.2073,train
1.6.2085,train
1.6.2092,train
1.6.2099,train
1.6.2104,train
1.6.2115,validation
1.6.2122,train
1.6.232,train
1.6.233,train
1.6.249,train
1.6.313,train
1.6.318,validation
1.6.324,validation
1.6.337,train
1.6.343,train
1.6.411,train
1.6.415,train
1.6.417,train
1.6.429,train
1.6.511,train
1.6.527,validation
1.6.533,train
1.6.548,train
1.6.55,train
1.6.551,train
1.6.56,train
1.6.567,train
1.6.57,train
1.6.572,train
1.6.596,train
1.6.605,train
1.6.621,validation
1.6.64,train
1.6.653,train
1.6.658,train
1.6.662,train
1.6.671,train
1.6.710,train
1.6.724,train
1.6.731,validation
1.6.733,train
1.6.734,train
1.6.744,train
1.6.762,train
1.6.788,train
1.6.82,train
1.6.828,train
1.6.829,validation
1.6.858,train
1.6.861,train
1.6.874,train
1.6.885,validation
1.6.897,validation
1.6.905,train
1.6.927,train
1.6.943,train
1.6.947,validation
1.6.953,train
1.6.985,train
10.1_TC.1003,train
10.1_TC.1070,train
10.1_TC.1083,train
10.1_TC.1099,train
10.1_TC.1125,validation
10.1_TC.1164,validation
10.1_TC.1165,train
10.1_TC.1251,train
10.1_TC.128,validation
10.1_TC.1316,train
10.1_TC.1318,train
10.1_TC.1337,validation
10.1_TC.1379,validation
10.1_TC.1400,train
10.1_TC.1401,train
10.1_TC.1402,validation
10.1_TC.1407,train
10.1_TC.1408,validation
10.1_TC.1426,train
10.1_TC.146,train
10.1_TC.1472,train
10.1_TC.1496,train
10.1_TC.1534,train
10.1_TC.1553,train
10.1_TC.1556,train
10.1_TC.1557,train
10.1_TC.1575,train
10.1_TC.161,train
10.1_TC.1642,validation
10.1_TC.1734,train
10.1_TC.1741,train
10.1_TC.1765,train
10.1_TC.1768,train
10.1_TC.1772,train
10.1_TC.1795,train
10.1_TC.1857,train
10.1_TC.1868,validation
10.1_TC.1875,train
10.1_TC.1895,train
10.1_TC.1949,train
10.1_TC.1972,train
10.1_TC.199,train
10.1_TC.2050,train
10.1_TC.2109,train
10.1_TC.227,train
10.1_TC.234,validation
10.1_TC.330,train
10.1_TC.349,train
10.1_TC.385,validation
10.1_TC.426,train
10.1_TC.447,train
10.1_TC.451,train
10.1_TC.453,train
10.1_TC.454,train
10.1_TC.476,train
10.1_TC.496,train
10.1_TC.509,train
10.1_TC.513,train
10.1_TC.526,train
10.1_TC.544,train
10.1_TC.702,train
10.1_TC.786,train
10.1_TC.795,validation
10.1_TC.809,train
10.1_TC.855,train
10.1_TC.88,train
10.1_TC.92,train
10.1_TC.952,validation
10.2_TC.1044,validation
10.2_TC.1066,validation
10.2_TC.1146,train
10.2_TC.1285,validation
10.2_TC.1289,train
10.2_TC.1296,train
10.2_TC.1297,train
10.2_TC.132,train
10.2_TC.135,train
10.2_TC.1354,train
10.2_TC.141,train
10.2_TC.1417,train
10.2_TC.1476,train
10.2_TC.1489,train
10.2_TC.1497,train
10.2_TC.1517,validation
10.2_TC.1523,validation
10.2_TC.1565,train
10.2_TC.1574,train
10.2_TC.1632,train
10.2_TC.1665,train
10.2_TC.1678,validation
10.2_TC.1688,train
10.2_TC.1733,train
10.2_TC.18,train
10.2_TC.1804,train
10.2_TC.1821,train
10.2_TC.1826,validation
10.2_TC.183,train
10.2_TC.1833,validation
10.2_TC.1848,train
10.2_TC.1858,validation
10.2_TC.1876,train
10.2_TC.1944,train
10.2_TC.2013,train
10.2_TC.2022,train
10.2_TC.2036,train
10.2_TC.2037,train
10.2_TC.2059,train
10.2_TC.2094,train
10.2_TC.216,train
10.2_TC.237,train
10.2_TC.242,train
10.2_TC.303,validation
10.2_TC.306,validation
10.2_TC.325,validation
10.2_TC.328,train
10.2_TC.355,train
10.2_TC.465,train
10.2_TC.502,train
10.2_TC.521,train
10.2_TC.523,validation
10.2_TC.54,validation
10.2_TC.556,train
10.2_TC.579,train
10.2_TC.581,validation
10.2_TC.664,train
10.2_TC.675,train
10.2_TC.686,train
10.2_TC.691,train
10.2_TC.747,train
10.2_TC.834,train
10.2_TC.877,train
10.2_TC.888,train
10.2_TC.906,train
10.2_TC.907,train
10.2_TC.941,train
10.2_TC.956,train
10.2_TC.993,train
10.3_TC.104,train
10.3_TC.109,train
10.3_TC.1108,validation
10.3_TC.111,train
10.3_TC.112,validation
10.3_TC.1172,validation
10.3_TC.1176,train
10.3_TC.1194,train
10.3_TC.1195,train
10.3_TC.1238,train
10.3_TC.1250,train
10.3_TC.1280,train
10.3_TC.1335,train
10.3_TC.1350,validation
10.3_TC.1352,train
10.3_TC.1409,train
10.3_TC.1438,validation
10.3_TC.1445,validation
10.3_TC.1482,train
10.3_TC.1495,validation
10.3_TC.1515,validation
10.3_TC.1522,train
10.3_TC.1592,train
10.3_TC.1650,train
10.3_TC.167,train
10.3_TC.1676,train
10.3_TC.173,train
10.3_TC.1739,train
10.3_TC.1824,train
10.3_TC.1896,train
10.3_TC.1904,train
10.3_TC.1931,train
10.3_TC.1987,train
10.3_TC.204,train
10.3_TC.2105,train
10.3_TC.211,train
10.3_TC.2121,train
10.3_TC.2125,train
10.3_TC.235,train
10.3_TC.276,validation
10.3_TC.283,validation
10.3_TC.292,train
10.3_TC.322,validation
10.3_TC.360,train
10.3_TC.382,validation
10.3_TC.541,train
10.3_TC.560,train
10.3_TC.585,train
10.3_TC.606,train
10.3_TC.617,train
10.3_TC.618,train
10.3_TC.619,validation
10.3_TC.62,train
10.3_TC.622,train
10.3_TC.624,validation
10.3_TC.637,train
10.3_TC.660,train
10.3_TC.683,validation
10.3_TC.697,train
10.3_TC.70,train
10.3_TC.709,train
10.3_TC.717,train
10.3_TC.776,train
10.3_TC.782,train
10.3_TC.805,validation
10.3_TC.831,train
10.3_TC.853,train
10.3_TC.866,train
10.3_TC.883,validation
10.3_TC.895,train
10.3_TC.901,train
10.3_TC.924,train
12.1_PE.1004,train
12.1_PE.1032,train
12.1_PE.105,train
12.1_PE.1068,train
12.1_PE.1074,train
12.1_PE.1082,train
12.1_PE.11,train
12.1_PE.1117,train
12.1_PE.1211,validation
12.1_PE.1237,train
12.1_PE.1264,validation
12.1_PE.1346,train
12.1_PE.1357,validation
12.1_PE.1419,train
12.1_PE.1448,train
12.1_PE.1473,train
12.1_PE.1511,train
12.1_PE.1521,train
12.1_PE.1667,train
12.1_PE.1673,train
12.1_PE.1698,train
12.1_PE.1738,train
12.1_PE.178,validation
12.1_PE.1785,train
12.1_PE.1815,train
12.1_PE.182,train
12.1_PE.1877,validation
12.1_PE.1898,train
12.1_PE.1921,validation
12.1_PE.1957,train
12.1_PE.1964,train
12.1_PE.2026,train
12.1_PE.2032,train
12.1_PE.2052,train
12.1_PE.2102,train
12.1_PE.250,train
12.1_PE.266,train
12.1_PE.287,train
12.1_PE.31,train
12.1_PE.341,train
12.1_PE.393,train
12.1_PE.456,train
12.1_PE.478,train
12.1_PE.481,train
12.1_PE.492,validation
12.1_PE.493,validation
12.1_PE.553,validation
12.1_PE.563,train
12.1_PE.645,train
12.1_PE.69,train
12.1_PE.692,train
12.1_PE.696,validation
12.1_PE.705,train
12.1_PE.736,train
12.1_PE.740,validation
12.1_PE.80,validation
12.1_PE.912,train
12.1_PE.914,validation
12.1_PE.936,train
12.1_PE.945,train
12.1_PE.958,validation
12.2_PE.1023,validation
12.2_PE.1080,train
12.2_PE.1081,train
12.2_PE.1089,validation
12.2_PE.1161,train
12.2_PE.1192,train
12.2_PE.1204,train
12.2_PE.1218,train
12.2_PE.1220,train
12.2_PE.1240,train
12.2_PE.1263,train
12.2_PE.1292,train
12.2_PE.1299,train
12.2_PE.1345,train
12.2_PE.1446,train
12.2_PE.1462,validation
12.2_PE.1544,train
12.2_PE.1547,train
12.2_PE.1629,validation
12.2_PE.1657,train
12.2_PE.1783,train
12.2_PE.1787,train
12.2_PE.1806,train
12.2_PE.1812,train
12.2_PE.1865,train
12.2_PE.1871,train
12.2_PE.1872,train
12.2_PE.1888,train
12.2_PE.1891,train
12.2_PE.1928,train
12.2_PE.2003,train
12.2_PE.2038,train
12.2_PE.2098,train
12.2_PE.2120,train
12.2_PE.2123,train
12.2_PE.265,validation
12.2_PE.268,train
12.2_PE.344,train
12.2_PE.381,train
12.2_PE.397,train
12.2_PE.433,train
12.2_PE.444,train
12.2_PE.469,train
12.2_PE.49,train
12.2_PE.559,train
12.2_PE.569,validation
12.2_PE.580,train
12.2_PE.602,train
12.2_PE.65,validation
12.2_PE.690,train
12.2_PE.739,validation
12.2_PE.745,train
12.2_PE.754,train
12.2_PE.77,validation
12.2_PE.779,train
12.2_PE.793,train
12.2_PE.815,validation
12.2_PE.865,validation
12.2_PE.870,train
12.2_PE.90,validation
12.2_PE.913,train
12.3_PE.1034,train
12.3_PE.1136,train
12.3_PE.1162,train
12.3_PE.1196,train
12.3_PE.1223,train
12.3_PE.1229,train
12.3_PE.133,validation
12.3_PE.1349,validation
12.3_PE.1369,validation
12.3_PE.1372,train
12.3_PE.138,train
12.3_PE.1461,train
12.3_PE.1474,train
12.3_PE.1477,train
12.3_PE.1490,train
12.3_PE.1500,train
12.3_PE.1524,train
12.3_PE.1714,train
12.3_PE.1724,train
12.3_PE.181,train
12.3_PE.1814,train
12.3_PE.1867,train
12.3_PE.1887,train
12.3_PE.1946,train
12.3_PE.200,train
12.3_PE.2005,train
12.3_PE.2024,train
12.3_PE.2054,train
12.3_PE.2057,train
12.3_PE.2079,validation
12.3_PE.2107,train
12.3_PE.212,validation
12.3_PE.217,train
12.3_PE.220,train
12.3_PE.23,train
12.3_PE.275,train
12.3_PE.295,train
12.3_PE.327,train
12.3_PE.423,train
12.3_PE.448,validation
12.3_PE.467,train
12.3_PE.514,train
12.3_PE.552,validation
12.3_PE.562,train
12.3_PE.603,train
12.3_PE.613,train
12.3_PE.663,train
12.3_PE.679,train
12.3_PE.729,train
12.3_PE.730,train
12.3_PE.777,train
12.3_PE.833,train
12.3_PE.844,train
12.3_PE.849,train
12.3_PE.89,train
12.3_PE.893,train
12.3_PE.917,train
12.3_PE.946,train
12.3_PE.962,validation
12.3_PE.97,train
2.1_DLL_v1.1.1007,train
2.1_DLL_v1.1.1020,train
2.1_DLL_v1.1.1031,train
2.1_DLL_v1.1.1126,validation
2.1_DLL_v1.1.1132,train
2.1_DLL_v1.1.1151,train
2.1_DLL_v1.1.1209,train
2.1_DLL_v1.1.1230,validation
2.1_DLL_v1.1.1253,train
2.1_DLL_v1.1.1300,train
2.1_DLL_v1.1.1301,train
2.1_DLL_v1.1.1306,train
2.1_DLL_v1.1.1308,train
2.1_DLL_v1.1.1341,train
2.1_DLL_v1.1.1380,train
2.1_DLL_v1.1.1457,train
2.1_DLL_v1.1.1485,train
2.1_DLL_v1.1.1510,train
2.1_DLL_v1.1.1520,validation
2.1_DLL_v1.1.1528,train
2.1_DLL_v1.1.1567,train
2.1_DLL_v1.1.1616,validation
2.1_DLL_v1.1.1679,train
2.1_DLL_v1.1.1684,train
2.1_DLL_v1.1.169,validation
2.1_DLL_v1.1.1727,validation
2.1_DLL_v1.1.1737,train
2.1_DLL_v1.1.1745,train
2.1_DLL_v1.1.1750,train
2.1_DLL_v1.1.1764,train
2.1_DLL_v1.1.1873,validation
2.1_DLL_v1.1.188,train
2.1_DLL_v1.1.1892,train
2.1_DLL_v1.1.1893,train
2.1_DLL_v1.1.1901,train
2.1_DLL_v1.1.1955,train
2.1_DLL_v1.1.1961,train
2.1_DLL_v1.1.1971,train
2.1_DLL_v1.1.1988,train
2.1_DLL_v1.1.2070,train
2.1_DLL_v1.1.2074,train
2.1_DLL_v1.1.2078,validation
2.1_DLL_v1.1.2091,train
2.1_DLL_v1.1.240,train
2.1_DLL_v1.1.243,train
2.1_DLL_v1.1.263,train
2.1_DLL_v1.1.29,validation
2.1_DLL_v1.1.308,train
2.1_DLL_v1.1.317,train
2.1_DLL_v1.1.319,train
2.1_DLL_v1.1.331,train
2.1_DLL_v1.1.338,train
2.1_DLL_v1.1.35,train
2.1_DLL_v1.1.352,train
2.1_DLL_v1.1.383,train
2.1_DLL_v1.1.389,train
2.1_DLL_v1.1.419,train
2.1_DLL_v1.1.47,train
2.1_DLL_v1.1.485,train
2.1_DLL_v1.1.497,train
2.1_DLL_v1.1.524,train
2.1_DLL_v1.1.561,train
2.1_DLL_v1.1.577,validation
2.1_DLL_v1.1.59,train
2.1_DLL_v1.1.590,train
2.1_DLL_v1.1.611,train
2.1_DLL_v1.1.667,train
2.1_DLL_v1.1.674,train
2.1_DLL_v1.1.684,train
2.1_DLL_v1.1.695,train
2.1_DLL_v1.1.701,train
2.1_DLL_v1.1.79,train
2.1_DLL_v1.1.819,train
2.1_DLL_v1.1.839,train
2.1_DLL_v1.1.842,train
2.1_DLL_v1.1.848,train
2.1_DLL_v1.1.887,train
2.1_DLL_v1.1.894,train
2.1_DLL_v1.1.932,train
2.1_DLL_v1.1.984,validation
2.2_DLL.1,train
2.2_DLL.1002,train
2.2_DLL.102,validation
2.2_DLL.1051,train
2.2_DLL.1138,train
2.2_DLL.1144,train
2.2_DLL.1215,validation
2.2_DLL.1216,train
2.2_DLL.124,validation
2.2_DLL.1252,train
2.2_DLL.1265,train
2.2_DLL.1270,train
2.2_DLL.1279,train
2.2_DLL.1303,train
2.2_DLL.1313,train
2.2_DLL.1319,train
2.2_DLL.1355,train
2.2_DLL.1377,train
2.2_DLL.1386,train
2.2_DLL.1390,validation
2.2_DLL.1391,train
2.2_DLL.1425,validation
2.2_DLL.144,train
2.2_DLL.1453,train
2.2_DLL.1454,validation
2.2_DLL.1460,train
2.2_DLL.1463,train
2.2_DLL.1468,train
2.2_DLL.1469,train
2.2_DLL.1486,train
2.2_DLL.1564,train
2.2_DLL.1607,train
2.2_DLL.1618,train
2.2_DLL.1621,train
2.2_DLL.1641,train
2.2_DLL.1643,validation
2.2_DLL.1680,validation
2.2_DLL.1699,train
2.2_DLL.1732,train
2.2_DLL.1907,train
2.2_DLL.1918,validation
2.2_DLL.1945,train
2.2_DLL.1967,train
2.2_DLL.198,train
2.2_DLL.1991,train
2.2_DLL.1998,train
2.2_DLL.2009,train
2.2_DLL.202,train
2.2_DLL.2020,validation
2.2_DLL.2043,validation
2.2_DLL.2044,train
2.2_DLL.2053,train
2.2_DLL.22,train
2.2_DLL.238,train
2.2_DLL.278,train
2.2_DLL.284,train
2.2_DLL.290,validation
2.2_DLL.291,train
2.2_DLL.336,train
2.2_DLL.357,validation
2.2_DLL.36,train
2.2_DLL.379,validation
2.2_DLL.41,train
2.2_DLL.450,train
2.2_DLL.471,train
2.2_DLL.486,train
2.2_DLL.488,validation
2.2_DLL.5,validation
2.2_DLL.615,train
2.2_DLL.633,validation
2.2_DLL.634,train
2.2_DLL.672,train
2.2_DLL.687,train
2.2_DLL.741,train
2.2_DLL.755,train
2.2_DLL.790,validation
2.2_DLL.803,train
2.2_DLL.931,validation
2.2_DLL.944,validation
2.2_DLL.955,train
2.2_DLL.981,train
2.2_DLL.997,train
2.3_DLL_v1.1.1014,validation
2.3_DLL_v1.1.1016,train
2.3_DLL_v1.1.1035,train
2.3_DLL_v1.1.1045,train
2.3_DLL_v1.1.1072,train
2.3_DLL_v1.1.1107,train
2.3_DLL_v1.1.120,train
2.3_DLL_v1.1.1249,train
2.3_DLL_v1.1.1255,train
2.3_DLL_v1.1.1257,validation
2.3_DLL_v1.1.134,train
2.3_DLL_v1.1.1344,train
2.3_DLL_v1.1.1353,train
2.3_DLL_v1.1.1361,train
2.3_DLL_v1.1.1405,train
2.3_DLL_v1.1.142,train
2.3_DLL_v1.1.1452,train
2.3_DLL_v1.1.1459,train
2.3_DLL_v1.1.1488,train
2.3_DLL_v1.1.1546,validation
2.3_DLL_v1.1.1550,validation
2.3_DLL_v1.1.1552,validation
2.3_DLL_v1.1.1568,train
2.3_DLL_v1.1.1569,train
2.3_DLL_v1.1.1626,train
2.3_DLL_v1.1.1687,train
2.3_DLL_v1.1.1696,validation
2.3_DLL_v1.1.170,train
2.3_DLL_v1.1.1703,validation
2.3_DLL_v1.1.1757,train
2.3_DLL_v1.1.1769,validation
2.3_DLL_v1.1.1786,train
2.3_DLL_v1.1.1828,train
2.3_DLL_v1.1.1834,train
2.3_DLL_v1.1.1853,train
2.3_DLL_v1.1.1863,train
2.3_DLL_v1.1.1920,train
2.3_DLL_v1.1.1936,validation
2.3_DLL_v1.1.2006,train
2.3_DLL_v1.1.2021,train
2.3_DLL_v1.1.2033,train
2.3_DLL_v1.1.2039,validation
2.3_DLL_v1.1.2046,train
2.3_DLL_v1.1.2081,train
2.3_DLL_v1.1.2112,train
2.3_DLL_v1.1.219,train
2.3_DLL_v1.1.225,validation
2.3_DLL_v1.1.239,train
2.3_DLL_v1.1.25,train
2.3_DLL_v1.1.270,train
2.3_DLL_v1.1.285,train
2.3_DLL_v1.1.329,train
2.3_DLL_v1.1.332,validation
2.3_DLL_v1.1.346,train
2.3_DLL_v1.1.356,validation
2.3_DLL_v1.1.361,train
2.3_DLL_v1.1.394,train
2.3_DLL_v1.1.402,train
2.3_DLL_v1.1.410,train
2.3_DLL_v1.1.422,validation
2.3_DLL_v1.1.432,train
2.3_DLL_v1.1.455,train
2.3_DLL_v1.1.462,train
2.3_DLL_v1.1.484,train
2.3_DLL_v1.1.554,validation
2.3_DLL_v1.1.573,validation
2.3_DLL_v1.1.576,validation
2.3_DLL_v1.1.583,train
2.3_DLL_v1.1.584,train
2.3_DLL_v1.1.597,train
2.3_DLL_v1.1.628,train
2.3_DLL_v1.1.643,train
2.3_DLL_v1.1.655,train
2.3_DLL_v1.1.677,train
2.3_DLL_v1.1.693,train
2.3_DLL_v1.1.711,train
2.3_DLL_v1.1.781,train
2.3_DLL_v1.1.811,train
2.3_DLL_v1.1.816,train
2.3_DLL_v1.1.817,validation
2.3_DLL_v1.1.935,train
2.3_DLL_v1.1.939,train
2.3_DLL_v1.1.977,validation
2.3_DLL_v1.1.996,validation
2.4.1017,train
2.4.106,train
2.4.1061,validation
2.4.1073,train
2.4.1075,train
2.4.1100,train
2.4.1114,train
2.4.1120,train
2.4.1121,train
2.4.1154,train
2.4.116,train
2.4.1174,train
2.4.1201,train
2.4.1202,train
2.4.1222,train
2.4.1225,validation
2.4.1235,train
2.4.125,train
2.4.1268,train
2.4.1288,train
2.4.1336,train
2.4.1358,validation
2.4.1360,train
2.4.1362,train
2.4.1370,validation
2.4.140,train
2.4.1403,validation
2.4.1430,train
2.4.1437,train
2.4.1440,validation
2.4.1475,train
2.4.1502,train
2.4.1516,validation
2.4.1531,train
2.4.1562,train
2.4.157,train
2.4.1576,train
2.4.1579,train
2.4.1606,train
2.4.1613,train
2.4.1622,train
2.4.1633,train
2.4.1645,train
2.4.1658,train
2.4.166,train
2.4.1694,train
2.4.1743,train
2.4.1748,validation
2.4.1762,validation
2.4.1781,validation
2.4.1798,train
2.4.1832,train
2.4.186,validation
2.4.197,train
2.4.1983,validation
2.4.20,train
2.4.2063,train
2.4.2077,train
2.4.2095,train
2.4.2103,train
2.4.2119,train
2.4.2126,validation
2.4.226,train
2.4.258,train
2.4.260,validation
2.4.261,validation
2.4.293,train
2.4.297,train
2.4.309,train
2.4.339,train
2.4.392,validation
2.4.395,train
2.4.396,validation
2.4.399,validation
2.4.400,train
2.4.405,train
2.4.408,validation
2.4.42,train
2.4.421,train
2.4.431,validation
2.4.436,train
2.4.466,train
2.4.474,train
2.4.48,train
2.4.50,train
2.4.508,train
2.4.517,train
2.4.525,train
2.4.540,validation
2.4.570,train
2.4.60,train
2.4.600,train
2.4.651,train
2.4.665,train
2.4.680,train
2.4.703,train
2.4.71,train
2.4.722,train
2.4.74,train
2.4.751,train
2.4.768,train
2.4.794,train
2.4.802,validation
2.4.813,train
2.4.846,train
2.4.850,train
2.4.876,train
2.4.889,validation
2.4.910,train
2.4.930,validation
2.4.96,train
2.4.965,train
2.4.974,train
2.4.998,train
4.13.1006,train
4.13.1013,train
4.13.1042,validation
4.13.1043,train
4.13.1059,train
4.13.1060,validation
4.13.108,train
4.13.1096,train
4.13.1102,train
4.13.1155,validation
4.13.1163,train
4.13.1193,train
4.13.1241,train
4.13.1274,validation
4.13.1283,train
4.13.1286,train
4.13.129,train
4.13.1311,train
4.13.1328,train
4.13.1329,train
4.13.1373,train
4.13.1394,validation
4.13.1397,validation
4.13.1413,train
4.13.1443,train
4.13.1493,train
4.13.1513,train
4.13.1541,train
4.13.1561,validation
4.13.1585,train
4.13.162,train
4.13.1624,train
4.13.164,validation
4.13.1661,train
4.13.1775,validation
4.13.1789,train
4.13.1797,train
4.13.1803,validation
4.13.1822,train
4.13.1838,train
4.13.1899,train
4.13.1962,train
4.13.1976,train
4.13.1994,train
4.13.2000,train
4.13.2101,validation
4.13.2110,validation
4.13.2114,train
4.13.213,train
4.13.215,train
4.13.24,validation
4.13.254,train
4.13.259,validation
4.13.289,train
4.13.345,train
4.13.366,train
4.13.374,train
4.13.390,train
4.13.435,train
4.13.441,train
4.13.449,train
4.13.452,train
4.13.495,train
4.13.545,train
4.13.565,train
4.13.599,train
4.13.614,train
4.13.623,train
4.13.657,train
4.13.720,train
4.13.723,train
4.13.738,train
4.13.742,train
4.13.784,train
4.13.804,train
4.13.806,train
4.13.830,train
4.13.882,train
4.13.886,train
4.13.908,train
4.13.911,train
4.13.942,train
4.13.963,train
4.13.964,validation
4.13.99,train
4.1_LM_v1.0.1019,train
4.1_LM_v1.0.1054,train
4.1_LM_v1.0.1062,train
4.1_LM_v1.0.1111,validation
4.1_LM_v1.0.1123,train
4.1_LM_v1.0.1145,validation
4.1_LM_v1.0.1150,train
4.1_LM_v1.0.1180,train
4.1_LM_v1.0.1187,train
4.1_LM_v1.0.1191,train
4.1_LM_v1.0.1200,train
4.1_LM_v1.0.1305,train
4.1_LM_v1.0.1309,train
4.1_LM_v1.0.1387,train
4.1_LM_v1.0.1396,train
4.1_LM_v1.0.1456,validation
4.1_LM_v1.0.1483,train
4.1_LM_v1.0.1484,validation
4.1_LM_v1.0.1529,train
4.1_LM_v1.0.1530,validation
4.1_LM_v1.0.1538,train
4.1_LM_v1.0.156,validation
4.1_LM_v1.0.1563,train
4.1_LM_v1.0.1582,validation
4.1_LM_v1.0.1596,train
4.1_LM_v1.0.1612,train
4.1_LM_v1.0.1634,train
4.1_LM_v1.0.1660,train
4.1_LM_v1.0.1788,train
4.1_LM_v1.0.1799,train
4.1_LM_v1.0.1800,train
4.1_LM_v1.0.1809,train
4.1_LM_v1.0.1855,validation
4.1_LM_v1.0.191,train
4.1_LM_v1.0.1923,train
4.1_LM_v1.0.1934,validation
4.1_LM_v1.0.194,train
4.1_LM_v1.0.1947,train
4.1_LM_v1.0.1966,train
4.1_LM_v1.0.2027,train
4.1_LM_v1.0.2061,train
4.1_LM_v1.0.2064,train
4.1_LM_v1.0.2087,train
4.1_LM_v1.0.2100,train
4.1_LM_v1.0.228,validation
4.1_LM_v1.0.256,train
4.1_LM_v1.0.257,train
4.1_LM_v1.0.27,validation
4.1_LM_v1.0.286,train
4.1_LM_v1.0.407,train
4.1_LM_v1.0.418,validation
4.1_LM_v1.0.427,validation
4.1_LM_v1.0.430,train
4.1_LM_v1.0.463,train
4.1_LM_v1.0.501,train
4.1_LM_v1.0.53,train
4.1_LM_v1.0.532,validation
4.1_LM_v1.0.586,validation
4.1_LM_v1.0.589,train
4.1_LM_v1.0.595,validation
4.1_LM_v1.0.648,train
4.1_LM_v1.0.670,train
4.1_LM_v1.0.765,train
4.1_LM_v1.0.767,train
4.1_LM_v1.0.775,train
4.1_LM_v1.0.783,validation
4.1_LM_v1.0.822,validation
4.1_LM_v1.0.825,train
4.1_LM_v1.0.826,train
4.1_LM_v1.0.851,train
4.1_LM_v1.0.879,validation
4.1_LM_v1.0.903,validation
4.1_LM_v1.0.916,train
4.1_LM_v1.0.94,train
4.1_LM_v1.0.949,train
4.2_LM_v1.0.1018,train
4.2_LM_v1.0.1029,train
4.2_LM_v1.0.1040,train
4.2_LM_v1.0.1116,train
4.2_LM_v1.0.114,train
4.2_LM_v1.0.115,train
4.2_LM_v1.0.1185,train
4.2_LM_v1.0.1189,train
4.2_LM_v1.0.1190,validation
4.2_LM_v1.0.1271,train
4.2_LM_v1.0.13,train
4.2_LM_v1.0.1304,train
4.2_LM_v1.0.1315,train
4.2_LM_v1.0.1320,validation
4.2_LM_v1.0.1322,train
4.2_LM_v1.0.1339,train
4.2_LM_v1.0.1364,train
4.2_LM_v1.0.1367,train
4.2_LM_v1.0.1385,train
4.2_LM_v1.0.1393,validation
4.2_LM_v1.0.1423,train
4.2_LM_v1.0.1427,train
4.2_LM_v1.0.143,validation
4.2_LM_v1.0.1434,train
4.2_LM_v1.0.1441,train
4.2_LM_v1.0.1447,train
4.2_LM_v1.0.1471,validation
4.2_LM_v1.0.1479,validation
4.2_LM_v1.0.1525,train
4.2_LM_v1.0.16,train
4.2_LM_v1.0.1601,train
4.2_LM_v1.0.1608,validation
4.2_LM_v1.0.1615,train
4.2_LM_v1.0.1628,train
4.2_LM_v1.0.1630,train
4.2_LM_v1.0.1654,train
4.2_LM_v1.0.1659,train
4.2_LM_v1.0.1693,train
4.2_LM_v1.0.1708,train
4.2_LM_v1.0.1719,train
4.2_LM_v1.0.1753,validation
4.2_LM_v1.0.1807,validation
4.2_LM_v1.0.1816,train
4.2_LM_v1.0.1862,train
4.2_LM_v1.0.1874,train
4.2_LM_v1.0.1884,train
4.2_LM_v1.0.1886,validation
4.2_LM_v1.0.1925,train
4.2_LM_v1.0.1926,train
4.2_LM_v1.0.1942,validation
4.2_LM_v1.0.1970,train
4.2_LM_v1.0.1981,train
4.2_LM_v1.0.1984,train
4.2_LM_v1.0.2040,train
4.2_LM_v1.0.2047,validation
4.2_LM_v1.0.2067,train
4.2_LM_v1.0.207,train
4.2_LM_v1.0.252,train
4.2_LM_v1.0.274,train
4.2_LM_v1.0.277,train
4.2_LM_v1.0.316,train
4.2_LM_v1.0.333,train
4.2_LM_v1.0.370,train
4.2_LM_v1.0.388,train
4.2_LM_v1.0.40,train
4.2_LM_v1.0.446,train
4.2_LM_v1.0.480,validation
4.2_LM_v1.0.640,validation
4.2_LM_v1.0.654,validation
4.2_LM_v1.0.673,train
4.2_LM_v1.0.694,train
4.2_LM_v1.0.713,train
4.2_LM_v1.0.721,train
4.2_LM_v1.0.727,train
4.2_LM_v1.0.87,train
4.2_LM_v1.0.881,train
4.2_LM_v1.0.918,train
4.2_LM_v1.0.971,train
4.2_LM_v1.0.989,train
4.3.1037,train
4.3.1038,train
4.3.1047,train
4.3.1069,train
4.3.1077,train
4.3.1084,train
4.3.1092,train
4.3.1113,train
4.3.1169,validation
4.3.1186,train
4.3.1205,train
4.3.1242,train
4.3.1294,train
4.3.1325,validation
4.3.1330,train
4.3.1334,train
4.3.1351,train
4.3.1381,validation
4.3.1429,train
4.3.1436,train
4.3.149,train
4.3.1509,validation
4.3.1554,train
4.3.1560,train
4.3.1586,train
4.3.1620,validation
4.3.1623,train
4.3.1625,train
4.3.1637,train
4.3.1644,train
4.3.1648,train
4.3.1690,validation
4.3.1701,train
4.3.171,validation
4.3.1725,train
4.3.1742,train
4.3.1755,validation
4.3.1760,train
4.3.1777,train
4.3.1780,train
4.3.1808,train
4.3.1813,train
4.3.1856,train
4.3.1894,train
4.3.1900,train
4.3.1932,validation
4.3.1954,train
4.3.1978,train
4.3.1992,train
4.3.201,validation
4.3.2042,train
4.3.2045,train
4.3.2065,train
4.3.2096,train
4.3.2097,validation
4.3.210,validation
4.3.247,train
4.3.294,train
4.3.296,train
4.3.30,train
4.3.323,validation
4.3.335,train
4.3.342,train
4.3.365,train
4.3.372,validation
4.3.39,train
4.3.403,train
4.3.406,train
4.3.409,train
4.3.425,validation
4.3.472,validation
4.3.477,train
4.3.482,train
4.3.520,validation
4.3.535,train
4.3.536,train
4.3.543,train
4.3.549,train
4.3.591,train
4.3.642,train
4.3.685,train
4.3.719,train
4.3.800,validation
4.3.810,train
4.3.821,validation
4.3.857,train
4.3.86,train
4.3.899,train
4.3.9,validation
4.3.925,train
4.3.961,train
4.3.973,train
4.3.975,train
4.3.978,validation
4.3_LM.100,train
4.3_LM.101,train
4.3_LM.1030,train
4.3_LM.1076,validation
4.3_LM.1098,train
4.3_LM.1171,validation
4.3_LM.1199,validation
4.3_LM.121,train
4.3_LM.1212,train
4.3_LM.1221,train
4.3_LM.1233,train
4.3_LM.1259,train
4.3_LM.1275,train
4.3_LM.1342,train
4.3_LM.1389,train
4.3_LM.14,validation
4.3_LM.145,train
4.3_LM.1487,train
4.3_LM.1536,train
4.3_LM.1542,train
4.3_LM.1572,train
4.3_LM.1600,train
4.3_LM.1609,validation
4.3_LM.1614,train
4.3_LM.1619,train
4.3_LM.1627,train
4.3_LM.1664,train
4.3_LM.1669,train
4.3_LM.1712,train
4.3_LM.1715,train
4.3_LM.1749,train
4.3_LM.1754,train
4.3_LM.176,train
4.3_LM.1767,validation
4.3_LM.1790,train
4.3_LM.1829,train
4.3_LM.1830,train
4.3_LM.1852,train
4.3_LM.187,validation
4.3_LM.1939,train
4.3_LM.1940,train
4.3_LM.2017,train
4.3_LM.2060,train
4.3_LM.2072,train
4.3_LM.2080,train
4.3_LM.2090,train
4.3_LM.21,train
4.3_LM.267,train
4.3_LM.298,train
4.3_LM.310,train
4.3_LM.351,validation
4.3_LM.37,train
4.3_LM.371,train
4.3_LM.420,train
4.3_LM.503,validation
4.3_LM.537,train
4.3_LM.538,train
4.3_LM.547,train
4.3_LM.587,train
4.3_LM.598,train
4.3_LM.604,train
4.3_LM.644,train
4.3_LM.650,train
4.3_LM.707,train
4.3_LM.735,train
4.3_LM.749,train
4.3_LM.769,train
4.3_LM.772,train
4.3_LM.796,train
4.3_LM.798,validation
4.3_LM.84,train
4.3_LM.843,train
4.3_LM.864,train
4.3_LM.922,validation
4.3_LM.928,validation
4.3_LM.934,train
4.3_LM.967,train
4.3_LM.976,train
4.3_LM.979,train
4.3_LM.98,train
4.3_LM.982,train
4.3_LM.991,train
5.11.1033,validation
5.11.1046,train
5.11.1048,validation
5.11.1063,train
5.11.1110,validation
5.11.1112,train
5.11.1124,train
5.11.1131,train
5.11.1140,train
5.11.1148,train
5.11.1248,validation
5.11.1256,train
5.11.1258,train
5.11.1278,validation
5.11.1293,train
5.11.1365,train
5.11.137,train
5.11.1374,train
5.11.1375,train
5.11.1432,train
5.11.1435,train
5.11.1439,train
5.11.1449,validation
5.11.1458,train
5.11.148,train
5.11.1503,train
5.11.1537,train
5.11.1666,train
5.11.1677,validation
5.11.1682,validation
5.11.1704,train
5.11.1752,train
5.11.1758,validation
5.11.1766,train
5.11.1779,train
5.11.1792,train
5.11.1817,train
5.11.1836,train
5.11.1859,train
5.11.1885,train
5.11.1912,validation
5.11.1980,train
5.11.2007,train
5.11.2068,train
5.11.208,train
5.11.218,train
5.11.273,train
5.11.304,train
5.11.307,train
5.11.315,train
5.11.32,train
5.11.367,train
5.11.375,train
5.11.439,validation
5.11.457,validation
5.11.468,train
5.11.500,train
5.11.505,train
5.11.507,train
5.11.512,train
5.11.522,train
5.11.542,validation
5.11.546,train
5.11.555,train
5.11.564,train
5.11.571,train
5.11.592,train
5.11.626,train
5.11.63,train
5.11.631,validation
5.11.638,validation
5.11.641,train
5.11.647,validation
5.11.659,train
5.11.700,train
5.11.728,train
5.11.746,train
5.11.753,train
5.11.764,train
5.11.774,validation
5.11.785,train
5.11.792,train
5.11.836,train
5.11.837,train
5.11.840,train
5.11.845,train
5.11.863,train
5.11.890,train
5.11.91,train
5.11.919,validation
5.11.93,train
5.12.1022,train
5.12.1088,train
5.12.1093,train
5.12.1106,validation
5.12.1139,train
5.12.1147,train
5.12.1158,train
5.12.1159,validation
5.12.1166,validation
5.12.1168,train
5.12.12,train
5.12.1213,train
5.12.1260,train
5.12.1266,train
5.12.1267,train
5.12.1291,validation
5.12.1302,train
5.12.1323,train
5.12.1455,train
5.12.1481,train
5.12.1505,train
5.12.151,train
5.12.153,train
5.12.1540,train
5.12.1578,train
5.12.1589,train
5.12.160,train
5.12.1605,train
5.12.1685,validation
5.12.1691,train
5.12.1710,train
5.12.172,train
5.12.1771,train
5.12.1773,train
5.12.1794,train
5.12.180,train
5.12.1825,validation
5.12.184,validation
5.12.1840,train
5.12.1844,train
5.12.1866,train
5.12.1880,train
5.12.189,train
5.12.1902,train
5.12.192,train
5.12.1950,train
5.12.196,train
5.12.1977,train
5.12.1999,train
5.12.2001,train
5.12.2012,validation
5.12.2062,train
5.12.2066,train
5.12.2075,train
5.12.2083,train
5.12.2089,train
5.12.2108,train
5.12.221,train
5.12.224,train
5.12.229,train
5.12.246,train
5.12.279,validation
5.12.302,train
5.12.305,validation
5.12.320,train
5.12.378,train
5.12.386,validation
5.12.416,validation
5.12.459,validation
5.12.489,train
5.12.498,train
5.12.499,train
5.12.529,train
5.12.575,train
5.12.582,validation
5.12.632,train
5.12.7,validation
5.12.704,train
5.12.72,train
5.12.725,train
5.12.73,train
5.12.789,validation
5.12.81,train
5.12.812,train
5.12.814,train
5.12.827,train
5.12.841,train
5.12.873,train
5.12.909,train
5.12.915,train
5.12.999,validation
5.7.0,train
5.7.1011,validation
5.7.1012,train
5.7.1024,train
5.7.1039,train
5.7.1057,validation
5.7.107,validation
5.7.1071,train
5.7.1078,train
5.7.1109,train
5.7.1208,train
5.7.1217,train
5.7.122,train
5.7.1228,train
5.7.1239,train
5.7.1273,train
5.7.1281,train
5.7.1310,train
5.7.1324,train
5.7.1327,train
5.7.1368,train
5.7.1388,train
5.7.139,train
5.7.1395,validation
5.7.1420,train
5.7.1526,train
5.7.1533,train
5.7.1559,train
5.7.1577,train
5.7.1590,train
5.7.1640,validation
5.7.1647,train
5.7.1651,validation
5.7.1653,train
5.7.1663,train
5.7.1706,validation
5.7.1713,train
5.7.1722,validation
5.7.1729,train
5.7.1747,train
5.7.1810,validation
5.7.1842,validation
5.7.1845,train
5.7.1903,train
5.7.1941,train
5.7.1943,train
5.7.1958,train
5.7.1965,train
5.7.1968,train
5.7.1975,train
5.7.1986,validation
5.7.2002,validation
5.7.2008,train
5.7.2011,train
5.7.209,train
5.7.231,validation
5.7.262,train
5.7.282,train
5.7.3,train
5.7.312,train
5.7.314,validation
5.7.321,train
5.7.359,train
5.7.376,train
5.7.461,train
5.7.483,validation
5.7.539,train
5.7.550,train
5.7.566,train
5.7.6,train
5.7.620,train
5.7.652,train
5.7.666,train
5.7.67,train
5.7.706,train
5.7.726,validation
5.7.737,train
5.7.748,train
5.7.76,validation
5.7.770,train
5.7.771,validation
5.7.778,train
5.7.797,validation
5.7.838,train
5.7.852,validation
5.7.900,train
5.7.954,train
5.7.968,train
5.7.980,train
5.7.987,train
6.1_IPP.1005,validation
6.1_IPP.1064,train
6.1_IPP.1101,validation
6.1_IPP.113,train
6.1_IPP.1130,train
6.1_IPP.1133,train
6.1_IPP.1137,train
6.1_IPP.1149,train
6.1_IPP.1177,train
6.1_IPP.118,train
6.1_IPP.1183,validation
6.1_IPP.1198,train
6.1_IPP.1245,train
6.1_IPP.1246,train
6.1_IPP.131,train
6.1_IPP.1378,train
6.1_IPP.1382,train
6.1_IPP.1383,train
6.1_IPP.1399,train
6.1_IPP.1414,train
6.1_IPP.1418,validation
6.1_IPP.1514,train
6.1_IPP.1551,validation
6.1_IPP.1591,validation
6.1_IPP.1594,validation
6.1_IPP.1595,validation
6.1_IPP.163,validation
6.1_IPP.1631,train
6.1_IPP.1639,train
6.1_IPP.1681,train
6.1_IPP.1700,train
6.1_IPP.1711,train
6.1_IPP.1759,train
6.1_IPP.1782,train
6.1_IPP.1837,validation
6.1_IPP.1846,train
6.1_IPP.185,train
6.1_IPP.1851,train
6.1_IPP.1879,train
6.1_IPP.1910,validation
6.1_IPP.1927,train
6.1_IPP.195,train
6.1_IPP.1953,train
6.1_IPP.1974,validation
6.1_IPP.1979,validation
6.1_IPP.2014,validation
6.1_IPP.2028,train
6.1_IPP.205,train
6.1_IPP.2106,validation
6.1_IPP.2113,train
6.1_IPP.2118,train
6.1_IPP.281,train
6.1_IPP.299,train
6.1_IPP.340,validation
6.1_IPP.363,train
6.1_IPP.364,train
6.1_IPP.384,train
6.1_IPP.414,train
6.1_IPP.434,validation
6.1_IPP.44,train
6.1_IPP.45,train
6.1_IPP.464,train
6.1_IPP.487,train
6.1_IPP.515,train
6.1_IPP.52,train
6.1_IPP.531,train
6.1_IPP.568,train
6.1_IPP.58,validation
6.1_IPP.607,train
6.1_IPP.627,train
6.1_IPP.669,train
6.1_IPP.756,train
6.1_IPP.759,train
6.1_IPP.824,train
6.1_IPP.835,train
6.1_IPP.854,train
6.1_IPP.904,train
6.1_IPP.959,train
6.1_IPP.969,validation
6.1_IPP.986,train
6.2_IPP.1008,train
6.2_IPP.1028,train
6.2_IPP.1049,train
6.2_IPP.1058,train
6.2_IPP.1067,validation
6.2_IPP.1103,train
6.2_IPP.1115,validation
6.2_IPP.1142,validation
6.2_IPP.1143,train
6.2_IPP.1153,validation
6.2_IPP.1160,train
6.2_IPP.1179,train
6.2_IPP.119,validation
6.2_IPP.1231,validation
6.2_IPP.1234,train
6.2_IPP.1244,validation
6.2_IPP.1254,train
6.2_IPP.127,train
6.2_IPP.1340,train
6.2_IPP.1343,train
6.2_IPP.1359,train
6.2_IPP.1411,train
6.2_IPP.1433,train
6.2_IPP.1480,train
6.2_IPP.1504,train
6.2_IPP.1518,train
6.2_IPP.1519,train
6.2_IPP.1527,train
6.2_IPP.1548,train
6.2_IPP.1580,train
6.2_IPP.1604,train
6.2_IPP.1716,train
6.2_IPP.1720,validation
6.2_IPP.177,train
6.2_IPP.1793,train
6.2_IPP.1847,validation
6.2_IPP.1849,train
6.2_IPP.1935,train
6.2_IPP.1948,train
6.2_IPP.1969,train
6.2_IPP.1989,train
6.2_IPP.1997,train
6.2_IPP.2010,train
6.2_IPP.2018,train
6.2_IPP.2093,train
6.2_IPP.214,validation
6.2_IPP.28,validation
6.2_IPP.300,train
6.2_IPP.350,train
6.2_IPP.362,validation
6.2_IPP.398,train
6.2_IPP.401,train
6.2_IPP.43,validation
6.2_IPP.440,validation
6.2_IPP.574,validation
6.2_IPP.608,train
6.2_IPP.630,train
6.2_IPP.668,train
6.2_IPP.714,validation
6.2_IPP.752,train
6.2_IPP.78,train
6.2_IPP.801,train
6.2_IPP.818,train
6.2_IPP.820,train
6.2_IPP.898,train
6.2_IPP.951,validation
6.2_IPP.957,train
6.2_IPP.966,train
6.2_IPP.970,train
6.3.1000,train
6.3.1010,train
6.3.1050,train
6.3.1052,train
6.3.1090,train
6.3.1095,train
6.3.1173,train
6.3.1181,train
6.3.1182,train
6.3.1236,train
6.3.126,train
6.3.1276,train
6.3.1317,validation
6.3.1331,validation
6.3.1348,train
6.3.136,train
6.3.1371,validation
6.3.1398,validation
6.3.1431,validation
6.3.1451,validation
6.3.1466,validation
6.3.1467,train
6.3.1470,validation
6.3.1492,train
6.3.1499,train
6.3.1506,train
6.3.1535,train
6.3.1543,validation
6.3.155,train
6.3.1588,validation
6.3.1593,train
6.3.168,train
6.3.1686,validation
6.3.1695,train
6.3.1730,validation
6.3.1735,train
6.3.174,train
6.3.175,train
6.3.1890,validation
6.3.1897,train
6.3.1905,validation
6.3.1911,train
6.3.1913,train
6.3.1930,train
6.3.1973,train
6.3.2,validation
6.3.2015,train
6.3.2056,train
6.3.206,train
6.3.2069,train
6.3.2111,train
6.3.2124,train
6.3.223,train
6.3.236,train
6.3.241,validation
6.3.288,train
6.3.373,validation
6.3.380,train
6.3.391,train
6.3.424,validation
6.3.428,train
6.3.438,train
6.3.479,validation
6.3.491,train
6.3.504,validation
6.3.506,train
6.3.510,train
6.3.519,train
6.3.534,train
6.3.601,train
6.3.636,train
6.3.639,train
6.3.646,train
6.3.66,train
6.3.698,train
6.3.743,train
6.3.750,train
6.3.859,train
6.3.868,validation
6.3.880,train
6.3.884,train
6.3.891,train
6.3.920,train
6.3.938,train
6.3.940,train
6.3.972,train
6.3.988,train
6.3.995,train
6.3_IPP.1009,train
6.3_IPP.1055,train
6.3_IPP.1079,validation
6.3_IPP.1086,train
6.3_IPP.110,train
6.3_IPP.1105,train
6.3_IPP.1207,train
6.3_IPP.1219,train
6.3_IPP.1262,train
6.3_IPP.130,train
6.3_IPP.1312,train
6.3_IPP.1314,train
6.3_IPP.1356,train
6.3_IPP.1384,train
6.3_IPP.1415,train
6.3_IPP.15,train
6.3_IPP.150,train
6.3_IPP.1555,validation
6.3_IPP.1587,train
6.3_IPP.1670,validation
6.3_IPP.1672,train
6.3_IPP.1683,train
6.3_IPP.1697,train
6.3_IPP.1707,train
6.3_IPP.1709,validation
6.3_IPP.1723,train
6.3_IPP.1726,train
6.3_IPP.1770,train
6.3_IPP.1778,train
6.3_IPP.179,validation
6.3_IPP.1811,train
6.3_IPP.1819,train
6.3_IPP.1835,train
6.3_IPP.1881,train
6.3_IPP.1882,train
6.3_IPP.1883,train
6.3_IPP.19,train
6.3_IPP.1982,train
6.3_IPP.1990,train
6.3_IPP.2048,train
6.3_IPP.2082,train
6.3_IPP.26,train
6.3_IPP.264,train
6.3_IPP.271,train
6.3_IPP.272,train
6.3_IPP.326,train
6.3_IPP.33,train
6.3_IPP.347,validation
6.3_IPP.353,train
6.3_IPP.354,train
6.3_IPP.358,train
6.3_IPP.377,train
6.3_IPP.445,train
6.3_IPP.460,validation
6.3_IPP.470,train
6.3_IPP.530,train
6.3_IPP.557,train
6.3_IPP.635,validation
6.3_IPP.676,train
6.3_IPP.708,train
6.3_IPP.732,train
6.3_IPP.75,train
6.3_IPP.758,train
6.3_IPP.780,train
6.3_IPP.791,train
6.3_IPP.8,train
6.3_IPP.808,validation
6.3_IPP.896,train
6.3_IPP.983,train
6.3_IPP.990,train
6.3_IPP.994,train
8.1_MM.1104,train
8.1_MM.1127,train
8.1_MM.1129,train
8.1_MM.1156,validation
8.1_MM.1184,train
8.1_MM.1197,train
8.1_MM.1290,validation
8.1_MM.1326,train
8.1_MM.1338,validation
8.1_MM.1366,validation
8.1_MM.1376,train
8.1_MM.1404,train
8.1_MM.1406,train
8.1_MM.1410,train
8.1_MM.1416,train
8.1_MM.1428,train
8.1_MM.1444,train
8.1_MM.1573,train
8.1_MM.1635,validation
8.1_MM.1638,train
8.1_MM.1646,validation
8.1_MM.1692,train
8.1_MM.1717,train
8.1_MM.1736,train
8.1_MM.1796,train
8.1_MM.1805,train
8.1_MM.1839,train
8.1_MM.1843,train
8.1_MM.1860,train
8.1_MM.1864,train
8.1_MM.1869,validation
8.1_MM.1922,train
8.1_MM.1924,train
8.1_MM.1951,train
8.1_MM.1952,train
8.1_MM.1956,train
8.1_MM.1959,train
8.1_MM.1963,validation
8.1_MM.2025,train
8.1_MM.2029,train
8.1_MM.2116,train
8.1_MM.2117,validation
8.1_MM.222,train
8.1_MM.34,train
8.1_MM.38,train
8.1_MM.387,validation
8.1_MM.404,train
8.1_MM.437,train
8.1_MM.442,train
8.1_MM.443,train
8.1_MM.46,train
8.1_MM.475,train
8.1_MM.490,train
8.1_MM.528,validation
8.1_MM.612,validation
8.1_MM.649,validation
8.1_MM.661,train
8.1_MM.681,validation
8.1_MM.688,train
8.1_MM.716,train
8.1_MM.718,validation
8.1_MM.763,train
8.1_MM.773,train
8.1_MM.799,train
8.1_MM.847,train
8.1_MM.85,train
8.2_MM.1021,train
8.2_MM.103,train
8.2_MM.1041,train
8.2_MM.1056,train
8.2_MM.1152,train
8.2_MM.1210,train
8.2_MM.1214,train
8.2_MM.1227,train
8.2_MM.1261,train
8.2_MM.1307,train
8.2_MM.1422,train
8.2_MM.1424,train
8.2_MM.1491,train
8.2_MM.1501,train
8.2_MM.1508,train
8.2_MM.1571,train
8.2_MM.1583,train
8.2_MM.1602,train
8.2_MM.1652,validation
8.2_MM.1655,train
8.2_MM.1674,train
8.2_MM.17,train
8.2_MM.1702,train
8.2_MM.1718,train
8.2_MM.1728,train
8.2_MM.1740,train
8.2_MM.1751,train
8.2_MM.1756,train
8.2_MM.1776,train
8.2_MM.1784,train
8.2_MM.1818,train
8.2_MM.1909,train
8.2_MM.1916,train
8.2_MM.1917,validation
8.2_MM.1938,validation
8.2_MM.1985,train
8.2_MM.1993,train
8.2_MM.2019,train
8.2_MM.2023,train
8.2_MM.2035,train
8.2_MM.2055,train
8.2_MM.2058,train
8.2_MM.2084,train
8.2_MM.2088,train
8.2_MM.230,train
8.2_MM.244,train
8.2_MM.245,validation
8.2_MM.311,validation
8.2_MM.368,train
8.2_MM.4,train
8.2_MM.413,train
8.2_MM.458,train
8.2_MM.516,train
8.2_MM.558,train
8.2_MM.594,train
8.2_MM.609,train
8.2_MM.61,train
8.2_MM.678,validation
8.2_MM.68,train
8.2_MM.689,train
8.2_MM.715,train
8.2_MM.761,validation
8.2_MM.766,train
8.2_MM.787,validation
8.2_MM.823,train
8.2_MM.83,train
8.2_MM.871,train
8.2_MM.950,validation
8.2_MM.992,train
8.3_MM.10,validation
8.3_MM.1001,train
8.3_MM.1026,train
8.3_MM.1053,train
8.3_MM.1065,train
8.3_MM.1091,train
8.3_MM.1094,train
8.3_MM.1119,train
8.3_MM.1135,train
8.3_MM.1141,validation
8.3_MM.1203,train
8.3_MM.1226,train
8.3_MM.1287,validation
8.3_MM.1295,train
8.3_MM.1333,train
8.3_MM.1363,train
8.3_MM.1392,validation
8.3_MM.1412,train
8.3_MM.1464,train
8.3_MM.1465,train
8.3_MM.147,train
8.3_MM.1507,train
8.3_MM.152,train
8.3_MM.1539,train
8.3_MM.1558,train
8.3_MM.1584,train
8.3_MM.1611,train
8.3_MM.165,train
8.3_MM.1689,train
8.3_MM.1996,train
8.3_MM.2030,train
8.3_MM.2041,train
8.3_MM.2049,train
8.3_MM.2051,train
8.3_MM.2086,train
8.3_MM.251,train
8.3_MM.253,train
8.3_MM.255,train
8.3_MM.280,train
8.3_MM.334,train
8.3_MM.348,validation
8.3_MM.369,train
8.3_MM.412,train
8.3_MM.473,train
8.3_MM.494,train
8.3_MM.51,validation
8.3_MM.518,train
8.3_MM.578,train
8.3_MM.610,train
8.3_MM.616,validation
8.3_MM.625,train
8.3_MM.629,train
8.3_MM.656,train
8.3_MM.682,train
8.3_MM.699,train
8.3_MM.712,train
8.3_MM.760,train
8.3_MM.807,train
8.3_MM.862,train
8.3_MM.867,train
8.3_MM.869,validation
8.3_MM.872,train
8.3_MM.878,train
8.3_MM.892,train
8.3_MM.902,train
8.3_MM.923,train
8.3_MM.926,train
8.3_MM.929,train
8.3_MM.933,train
8.3_MM.937,train
8.3_MM.948,validation
8.3_MM.95,train
